	Hfq_30_II_cutadapt_bwa	Hfq_30_I_cutadapt_bwa	Hfq_60_II_cutadapt_bwa	Hfq_60_I_cutadapt_bwa	Hfq_lambda_30_II_cutadapt_bwa	Hfq_lambda_30_I_cutadapt_bwa	Hfq_lambda_60_II_cutadapt_bwa	Hfq_lambda_60_I_cutadapt_bwa	wt30_II_cutadapt_bwa	wt30_I_cutadapt_bwa	wt_lambda_30_II_cutadapt_bwa	wt_lambda_30_I_cutadapt_bwa
3'ETS-<i>leuZ</i>	1864	1680	2976	1465	2286	2193	1622	3180	4	1	2	2
A	29	3	10	3	13343	18665	6062	13874	35	2	592	156
B	29	4	0	0	12789	18869	4962	12855	44	1	601	171
C	22	2	4	3	13203	21670	4959	13686	53	2	1011	300
C0067	2	3	9	1	4	8	8	15	0	0	0	0
C0293	1	3	7	4	3	2	8	25	0	0	0	0
C0299	1	1	2	1	0	1	2	1	0	0	0	0
C0362	79	88	84	87	63	89	121	133	0	0	0	0
C0465	2	0	1	0	0	0	1	1	0	0	0	0
C0614	19	21	40	30	31	27	47	39	0	0	0	0
C0664	1	1	0	0	0	0	1	2	0	0	0	0
C0719	3	2	14	4	7	12	36	19	0	1	0	0
D	10	1	2	3	3607	5348	1476	3854	8	2	298	68
E	41	0	2	1	14350	21342	5261	13495	43	4	1117	275
Fi	11	1	1	1	7755	11626	2463	6733	11	3	538	130
Fii	14	1	2	1	8291	10626	2604	5590	15	5	489	131
G	9	3	4	2	9062	12554	2517	6047	14	2	707	170
G0-10698	387	373	192	164	346	477	123	183	0	1	0	0
G0-10700	732	1277	704	715	628	1256	850	2253	13	7	4	1
G0-10702	12	7	30	7	11	8	19	41	1	0	0	1
G0-10703	2	10	2	0	1	11	0	6	0	0	0	0
G0-10704	44	38	46	34	34	53	34	66	1	0	0	0
G0-10705	1	1	6	7	4	2	10	17	0	1	0	0
G0-10706	21	16	24	10	18	19	14	29	0	1	0	0
H	42	4	8	2	43731	57817	13438	29329	75	4	2561	622
I	7	0	3	0	5321	6895	1555	3025	17	0	371	90
IS128	2	4	6	2	6	5	4	14	0	0	0	0
J	36	2	4	4	22218	30505	6523	14873	49	3	1717	452
K	6	1	0	0	4662	6425	1272	2916	13	0	424	88
L	13	2	0	1	9046	12019	2386	5822	16	3	645	161
M	5	0	2	0	5589	7037	1282	2905	12	3	440	96
N	54	2	2	0	384	737	3566	13495	43	3	8	8
NinB	11	0	2	1	1118	1762	1931	4411	10	1	6	1
NinC	18	1	2	0	1757	2878	3061	6842	20	1	15	18
NinD	3	0	0	0	240	461	547	1261	3	0	0	0
NinE	0	1	0	0	280	451	513	1279	4	0	1	0
NinF	8	1	1	1	2155	3092	2430	5082	14	3	18	3
NinG	27	1	1	1	2489	4037	3966	9780	29	3	31	13
NinH	11	0	1	1	1141	1933	1531	3588	18	0	11	2
NinI	19	0	0	0	2565	3945	2872	6666	25	1	25	22
O	29	2	3	1	3056	4148	7391	10947	27	0	18	6
P	37	3	3	0	4625	6784	7289	17711	32	2	53	22
Q	9	0	0	0	1271	1814	1462	3318	10	0	15	4
R	18	1	2	1	3521	6474	2328	6953	18	1	130	42
Rz	13	4	1	2	2392	4123	1483	4463	17	1	90	34
Rz1	3	1	0	1	639	1170	397	1327	10	0	26	16
S	9	0	0	2	1183	1969	1071	2211	8	0	23	6
S'	9	0	0	2	1162	1934	1052	2133	8	0	23	6
T	4	0	0	1	8166	11153	2273	5252	9	0	553	138
U	7	0	2	0	5020	6623	1667	3920	15	1	262	74
V	26	2	5	3	12772	17673	3817	9269	19	3	895	251
W	2	0	4	0	2801	4236	1272	2810	11	1	98	41
Z	13	0	2	2	9115	13254	3025	7476	24	3	673	163
aaaD	1	2	0	4	912	1389	435	950	1	0	43	15
aaaE	14	17	15	18	5	14	10	25	0	0	0	0
aaeA	30	53	36	26	32	41	31	36	0	0	0	0
aaeB	42	44	32	39	20	39	47	65	1	2	0	0
aaeR	279	331	235	276	199	324	147	406	5	8	2	4
aaeX	24	31	18	10	23	33	23	24	0	0	0	0
aas	744	793	510	445	549	752	339	647	6	7	4	0
aat	126	146	284	210	98	141	169	344	1	3	0	1
abgA	31	37	43	40	16	32	32	69	0	2	0	1
abgB	65	71	100	70	42	68	87	172	0	0	0	1
abgR	192	238	297	300	155	220	209	464	1	3	1	1
abgT	136	107	169	119	88	95	103	175	1	2	0	0
abpA	470	657	212	218	346	716	147	394	12	21	4	3
abpB	396	661	258	228	372	661	162	379	14	16	5	2
abrB	143	168	105	119	127	167	136	181	5	4	0	0
accA	811	860	1516	1487	531	753	952	2443	17	20	8	7
accB	180	293	646	506	156	303	487	1566	12	8	7	5
accC	347	518	1218	1035	276	483	912	2541	17	29	8	3
accD	800	984	1708	1568	587	869	1012	2500	12	16	4	9
aceA	9442	14009	8577	10241	5022	8912	5772	13589	64	69	18	8
aceB	2706	4367	4120	4221	1252	2385	2859	8201	27	24	11	10
aceE	4895	6761	16437	15335	2729	4963	10986	39388	217	205	56	64
aceF	4003	5393	9468	10586	2129	3491	6066	24099	177	158	46	43
aceK	426401	414605	336705	209277	471996	468514	261418	281415	176	40	69	187
aceK-int	417632	404017	328608	199267	464924	459126	255386	273872	150	25	61	181
ackA	6250	8232	8616	9381	4901	7802	6048	14175	132	138	47	24
acnA	1725	2830	844	759	1096	2198	598	1530	58	67	23	14
acnB	15173	19318	14423	14812	8778	13311	10272	27081	281	267	111	80
acpH	171	190	131	106	155	142	78	131	1	0	1	0
acpP	15272	13292	26595	28575	13371	15671	21281	28893	116	77	45	36
acpS	92	139	108	80	50	95	68	189	1	3	0	1
acpT	125	171	150	115	91	163	86	229	2	3	1	1
acrA	221	358	481	298	128	336	313	1071	11	18	7	2
acrB	557	901	1429	1205	437	801	965	2694	31	31	15	5
acrD	257	287	370	258	240	281	321	421	4	5	0	1
acrE	0	1	4	1	1	4	3	11	0	0	0	0
acrF	71	56	58	44	42	47	46	82	3	2	1	0
acrR	134	135	396	318	137	180	362	600	0	0	0	1
acrZ	1273	1058	1853	1460	1253	1459	1206	1883	8	2	0	1
acs	1614	1721	356	320	641	917	250	575	6	6	2	1
actP	848	643	207	203	252	332	119	228	0	0	1	0
actS	248	293	247	272	230	287	256	439	5	2	1	1
ada	176	255	240	298	112	192	145	303	3	3	2	0
add	474	628	499	492	337	473	306	750	8	11	4	3
adeD	443	555	409	387	361	541	276	493	1	2	1	1
adeP	86	85	324	241	75	103	198	333	2	0	1	0
adeQ	34	37	25	14	40	53	20	27	1	0	0	0
adhE	3910	6813	2608	2580	2253	5789	1622	6084	258	279	76	97
adhP	79	171	138	120	71	148	67	257	2	0	0	1
adiA	186	290	190	151	137	249	92	289	10	11	1	1
adiC	71	88	16	16	77	99	20	10	2	1	0	1
adiY	129	141	25	9	96	211	14	43	0	6	1	1
adk	466	622	1591	1071	390	668	971	2439	31	16	7	3
aegA	606	524	233	313	399	567	119	323	3	8	5	0
aer	2641	2376	2063	2262	1712	2386	1408	3537	60	87	26	25
aes	143	175	98	107	116	132	49	111	4	1	2	0
afuB	4	14	16	9	8	14	9	33	0	1	0	1
afuC	12	10	24	20	4	10	10	43	0	1	0	0
agaA	433	305	125	133	335	300	78	128	0	1	0	0
agaB	2	2	1	2	0	2	0	5	0	0	0	0
agaC	3	3	1	11	2	5	6	7	0	0	0	0
agaD	12	9	12	6	12	12	5	17	0	0	0	0
agaI	17	8	8	12	12	10	10	16	0	0	0	0
agaR	909	959	953	946	600	791	578	1132	14	11	1	3
agaS	10	10	2	6	2	8	7	7	0	0	0	0
agaV	79	90	20	38	50	71	18	49	2	1	0	0
agaW	53	74	18	29	29	42	16	36	0	0	0	0
agp	1961	2974	799	1001	1466	2342	577	1290	40	78	24	14
agrA	107	135	195	146	96	157	142	427	6	4	11	1
agrB	1	3	5	2	4	4	16	12	0	0	0	0
ahpC	3057	4437	2214	2311	2132	3577	1473	4048	142	141	52	43
ahpF	5314	6500	6850	6903	3655	6054	4016	8638	51	25	4	14
ahr	172	238	39	33	136	219	26	53	5	0	0	0
aidB	451	431	117	118	264	485	88	137	0	2	1	2
ais	3	1	3	0	1	3	3	2	0	0	0	0
alaA	191	281	306	297	151	237	236	519	13	8	3	1
alaC	211	288	268	246	135	214	170	414	3	12	1	1
alaE	184	160	104	90	143	216	151	139	0	0	0	0
alaS	1843	2537	3816	3302	1341	2265	3214	7546	64	84	23	9
alaT	451	562	395	1611	799	713	1372	1661	590	840	713	256
alaU	256	282	234	801	387	386	631	841	353	362	338	104
alaV	548	589	351	1467	910	767	994	1754	589	719	755	277
alaW	370	350	358	1172	463	528	221	1177	348	678	292	99
alaX	401	394	371	1330	562	595	537	1380	413	779	401	104
aldA	4463	4609	4831	4822	1812	2565	3720	7275	35	19	5	3
aldB	326	460	82	91	217	379	32	77	6	8	4	0
alkA	86	104	72	119	71	92	54	109	1	5	0	3
alkB	106	122	150	120	74	101	123	143	0	1	2	0
allA	9	16	14	20	9	23	6	15	0	0	0	0
allB	20	44	24	25	15	36	9	38	0	0	0	0
allC	91	114	104	82	80	97	73	132	2	0	0	0
allD	20	25	15	15	21	20	17	25	1	0	0	0
allE	397	437	391	236	337	450	267	513	2	0	0	1
allR	2185	2725	1108	1043	1316	2498	644	1350	13	14	16	3
allS	34	36	17	21	28	50	13	25	0	1	0	1
allW	10	5	6	2	6	11	6	7	0	0	0	0
allZ	1999	2499	812	709	1165	2302	431	875	8	8	16	2
alpA	0	2	3	1	5	2	3	6	0	0	0	0
alr	927	1108	1694	1828	742	1107	1077	2133	14	7	3	7
alsA	23	17	25	34	10	12	8	40	0	1	0	0
alsB	66	52	86	98	49	48	52	95	0	0	0	0
alsC	26	12	19	18	15	11	7	25	0	2	0	1
alsE	80	60	55	42	37	47	22	47	0	0	0	0
alsK	54	24	46	34	21	38	16	56	0	0	0	0
alsR	270	299	485	389	227	275	277	527	8	3	0	0
alx	46	59	75	57	36	52	91	146	0	3	0	0
ameF	3	0	1	0	0	1	0	6	0	0	0	0
amiA	1426	1702	2102	1700	1230	1934	1545	3038	11	11	3	1
amiB	341	559	532	387	279	471	310	1038	12	10	5	5
amiC	1071	915	974	965	747	972	642	1360	13	8	5	2
amiD	942	924	373	391	752	814	279	447	5	12	11	2
amn	973	1214	1122	1040	647	958	715	1698	9	17	4	6
ampC	239	337	133	168	251	315	100	266	12	8	5	0
ampD	402	480	315	337	414	510	299	532	9	15	2	3
ampE	579	587	347	354	490	542	192	414	4	8	1	1
ampG	797	725	1676	1109	772	791	1201	1374	5	1	4	4
ampG-int	181	205	301	143	219	234	224	249	2	1	3	1
ampH	197	189	290	274	150	195	229	433	5	1	0	0
amtB	142	116	100	96	120	139	66	117	2	2	0	0
amyA	3518	3589	2586	2353	3021	4484	1827	4819	50	124	30	14
anmK	259	284	246	233	190	297	157	333	2	2	0	0
ansA	40	62	147	97	48	66	103	269	1	1	0	0
ansB	25755	21046	3223	4176	24825	24154	1424	3669	211	281	112	99
ansP	151	139	851	663	141	153	699	763	5	0	0	0
apaG	220	427	364	297	149	344	230	855	10	8	7	6
apaH	641	816	624	641	439	691	477	922	4	12	4	1
aphA	645	868	760	777	484	704	473	1143	21	23	6	8
appA	17	24	27	24	17	22	16	39	2	1	0	0
appB	69	58	54	65	47	53	32	71	0	0	0	1
appC	37	42	42	19	27	38	17	41	1	1	0	0
appX	5	0	10	7	2	5	6	6	2	0	0	0
appY	56	71	19	13	63	107	15	34	0	0	0	0
apt	71	109	347	234	47	70	222	521	3	4	0	3
aqpZ	154	198	147	87	141	168	76	83	0	0	0	0
araA	100	105	30	29	49	92	24	72	2	2	0	0
araB	71	97	38	49	46	89	21	41	1	2	1	0
araC	970	875	824	1053	609	736	493	896	3	5	3	0
araD	11	17	7	12	4	16	3	13	0	0	0	0
araE	219	249	187	158	155	230	122	222	3	1	0	2
araF	201	256	97	81	147	250	51	177	6	7	0	2
araG	154	212	63	62	120	188	37	92	4	6	0	1
araH	276	288	143	115	289	302	58	120	6	5	0	1
araJ	507	556	731	615	450	534	502	624	1	1	0	1
arcA	1108	1385	1074	897	749	1365	724	2373	44	38	14	7
arcB	3170	3563	2443	3102	2312	3087	1454	3125	24	44	16	11
arcZ	222472	178037	266329	149795	215911	194553	150766	176589	121	14	39	136
arfA	23	20	43	50	23	33	69	80	0	0	0	0
arfB	1085	1019	902	1054	805	1150	658	982	6	1	1	2
argA	135	143	166	133	106	142	152	285	4	1	0	0
argB	94	110	67	72	49	93	54	98	1	1	1	1
argC	69	95	55	56	40	76	92	199	1	1	0	0
argD	39	55	91	95	37	49	105	141	1	0	0	0
argE	182	202	154	129	107	177	116	256	1	7	2	0
argF	77	69	94	86	27	60	108	128	3	0	0	0
argG	226	232	237	226	182	234	212	388	5	2	2	0
argH	247	304	142	162	151	238	111	282	0	7	1	1
argI	77	78	50	45	42	69	69	110	0	2	0	0
argK	11	19	5	7	7	11	2	13	0	1	0	0
argL	7	2	11	5	2	6	16	27	0	0	0	0
argO	272	351	222	227	248	412	96	241	3	0	0	4
argP	1654	1644	1671	2101	1334	1621	1247	1794	12	7	1	1
argQ	47	51	189	60	35	41	417	149	83	82	5	30
argR	59	62	99	105	46	81	117	238	1	1	0	1
argS	190	219	482	461	133	233	429	1076	9	9	6	2
argT	724	588	1268	1019	427	435	971	1503	2	1	0	1
argU	137	152	110	466	201	235	294	351	198	184	156	67
argV	37	28	77	77	30	44	57	153	2	10	8	0
argW	23	44	27	46	42	41	50	57	24	31	27	10
argX	322	418	534	938	622	470	1097	1571	346	426	505	174
argY	648	946	546	2428	1490	1346	142	2884	980	1658	1218	438
argZ	655	932	556	2419	1515	1341	157	2835	984	1661	1212	437
ariR	51	72	26	21	56	94	19	30	0	0	0	0
arnA	135	185	150	113	106	156	96	201	3	3	1	2
arnB	30	53	34	26	22	54	27	40	0	0	0	0
arnC	16	31	17	17	18	29	12	22	0	0	0	0
arnD	50	45	51	28	72	67	39	80	2	0	0	0
arnE	17	36	13	17	15	29	6	21	0	2	0	0
arnF	14	6	12	9	13	17	5	5	0	0	0	0
arnT	64	76	43	50	33	56	31	54	0	2	1	0
aroA	326	414	799	631	245	409	586	1061	8	6	0	0
aroB	591	784	879	629	459	769	580	1762	17	31	9	1
aroC	2088	2211	3737	3289	1563	2049	2943	3856	20	13	4	3
aroD	59	85	87	83	38	58	61	128	0	0	0	0
aroE	1256	1582	1475	1458	1208	1574	665	1704	5	3	3	4
aroF	187	243	211	180	151	258	138	419	2	7	5	3
aroG	2302	3331	3334	4579	1865	2983	1655	4119	30	18	19	9
aroH	92	115	165	103	63	129	108	254	6	5	0	2
aroK	575	718	804	667	402	646	513	1342	25	24	8	8
aroL	369	527	611	520	295	493	386	1116	6	7	4	7
aroM	149	207	181	120	87	204	105	272	1	2	0	1
aroP	130	159	170	145	104	145	114	225	4	0	0	0
arpA	18	25	72	45	21	30	55	122	0	0	1	0
arpB	3	3	4	6	2	6	5	12	0	0	0	0
arrS	546	457	110	48	690	710	89	90	0	0	0	0
arsB	20	18	40	49	21	19	30	72	1	1	0	0
arsC	3	10	18	13	8	6	13	31	0	0	0	0
arsR	26	21	96	76	22	27	54	75	0	0	0	0
artI	2186	2680	998	1015	1489	2255	678	1477	15	12	3	7
artJ	82	119	63	55	55	75	66	132	1	2	1	1
artM	1141	1356	602	646	847	1139	355	614	10	4	3	0
artP	265	346	124	120	127	302	94	215	5	4	2	3
artQ	1759	2088	866	825	1516	1746	498	828	9	10	2	4
ascB	155	159	76	94	112	155	60	99	2	5	0	0
ascF	91	110	37	53	56	97	41	108	3	2	1	0
ascG	197	172	224	212	152	194	161	288	1	1	3	1
ascrp	1	0	1	0	0	0	1	3	0	0	0	0
asd	5500	5740	5541	5563	4395	5281	3200	5718	33	61	20	15
asflhD	10	8	16	15	5	15	11	23	1	0	0	0
aslA	20	20	11	8	9	11	11	27	0	1	0	2
aslB	25	29	33	34	18	36	34	86	1	0	0	0
asmA	769	929	869	890	595	896	524	1385	18	31	3	7
asnA	2241	2533	8206	9844	2275	2706	6242	11987	31	9	4	8
asnB	735	955	1602	1452	574	922	1047	2860	17	9	8	1
asnC	49	56	84	64	53	67	74	194	1	0	1	0
asnS	1877	1992	3114	2678	1225	1794	1859	4030	27	24	9	12
asnT	1663	2076	2054	5672	3150	2475	2098	4921	1252	4574	1085	506
asnU	2824	4649	2394	12330	6329	5923	2675	8697	3606	6501	4230	2223
asnV	2453	3186	3142	8414	4351	3970	3430	6139	2053	4295	1853	887
asnW	982	1091	814	2882	1567	1608	1342	2649	1229	1276	1095	369
asompR	19	28	32	31	14	23	31	87	0	0	0	0
aspA	20372	26764	23291	23213	17719	27525	12753	37786	614	826	249	197
aspC	774	1086	1617	1442	560	981	1167	3049	36	21	14	6
aspS	1075	1474	2027	1839	769	1404	1323	4133	47	77	18	14
aspT	3578	3764	4595	7149	4213	4337	6278	8917	1718	1945	1731	653
aspU	4459	4313	4768	7181	4835	5397	6807	9866	1852	1968	2188	871
aspV	6374	7623	4438	12659	8607	8718	5708	13226	3969	4739	5170	1976
aspX	3076	3913	3069	3051	2434	3604	1437	4581	47	81	32	14
asphoP	18	30	14	18	20	16	23	26	0	0	1	0
asr	198	186	118	155	156	259	121	137	0	0	1	0
astA	1220	1209	125	96	400	522	61	109	0	0	1	2
astB	1150	1190	94	82	490	643	66	87	3	1	1	0
astC	1636	1605	154	188	613	818	135	156	2	2	0	1
astD	1207	1282	87	95	431	648	49	94	0	2	0	0
astE	766	724	128	129	384	452	105	107	1	2	2	0
atoA	3	8	4	2	2	7	4	4	0	0	0	0
atoB	18	17	10	14	6	16	4	22	0	0	1	0
atoC	890	1171	582	731	739	1129	260	671	8	24	2	5
atoD	2	10	5	8	7	6	5	8	1	0	0	0
atoE	17	13	27	14	17	12	22	9	0	2	0	0
atoS	384	720	327	334	281	597	171	504	12	26	4	0
atpA	1127	1629	4840	4174	627	1228	3484	11320	125	134	32	36
atpB	1432	1157	3940	2490	1320	1070	3130	3629	23	25	6	7
atpC	333	519	1522	1402	218	386	963	3351	25	16	8	7
atpD	1278	1923	4998	4824	691	1329	3293	11021	86	79	25	40
atpE	434	561	1408	1118	290	449	911	2506	38	32	10	14
atpF	354	469	1332	1077	223	483	884	3125	62	40	7	5
atpG	588	868	3143	2303	321	711	1963	7208	59	74	19	27
atpH	375	476	1391	1010	200	417	895	2853	43	51	11	12
atpI	552	484	1267	793	398	444	954	1246	2	0	0	3
avtA	103	177	271	240	72	167	234	511	1	6	5	2
azoR	50	59	82	65	29	33	63	165	0	0	2	2
azuC	99	147	111	115	104	193	258	412	4	0	0	0
azuR	102	157	116	117	106	194	262	418	4	0	0	0
bacA	434	373	516	492	325	429	354	563	1	1	1	1
baeR	122	179	163	178	100	171	121	261	1	6	0	0
baeS	59	71	59	62	53	63	62	104	1	1	0	1
bamA	1424	2209	3305	2960	1010	1977	2531	6227	77	80	21	31
bamB	1212	1455	1732	1525	906	1300	1192	2389	25	22	5	10
bamC	916	1077	1145	1071	581	983	923	1768	15	32	8	8
bamD	419	638	938	722	311	616	618	1911	30	18	13	7
bamE	279	298	322	239	198	286	278	603	6	1	1	1
barA	447	613	452	402	368	581	303	644	14	14	2	2
basR	172	267	137	187	123	205	115	240	6	4	2	0
basS	139	210	167	190	128	163	80	229	3	5	0	0
bax	225	299	652	419	168	321	437	953	5	4	3	2
baxL	39	25	87	39	35	42	61	73	0	0	0	0
bcp	120	165	224	152	85	132	134	344	7	10	1	1
bcr	522	574	891	831	563	529	545	781	2	8	3	2
bcsA	30	38	37	34	30	51	28	66	2	0	2	0
bcsB	15	38	23	20	11	21	22	49	0	0	1	0
bcsC	149	221	180	148	101	177	123	287	2	6	5	2
bcsE	1047	1263	532	601	712	1106	343	777	14	16	6	6
bcsF	133	132	65	56	92	102	32	62	3	1	2	0
bcsG	383	447	192	155	288	409	104	225	5	8	2	1
bcsQ	54	69	41	42	51	50	42	54	0	0	0	0
bcsZ	16	26	24	17	10	26	17	32	0	0	0	0
bdcA	25	33	28	16	22	37	16	52	1	0	0	0
bdcR	64	86	88	70	51	81	48	70	2	0	0	0
bdm	4	4	5	2	1	4	3	6	0	0	0	0
beeE	10	6	5	7	2	10	3	9	0	0	0	0
bepA	530	717	529	519	303	637	362	997	15	9	6	6
bet	122	5	7	0	5245	8892	19330	45974	117	8	52	42
betA	287	373	765	682	156	243	425	1058	3	3	1	2
betB	175	237	452	489	104	143	370	763	3	1	0	2
betI	62	97	232	180	38	58	227	401	1	2	1	1
betT	123	146	453	351	91	125	383	665	2	1	0	1
bfd	9	12	52	63	5	9	49	93	0	0	0	0
bfr	189	286	120	91	174	328	94	193	10	6	1	4
bglA	390	564	463	408	233	461	323	1043	9	13	5	4
bglB	20	13	33	28	33	35	26	40	0	0	0	0
bglF	31	23	22	38	37	33	22	41	0	0	0	0
bglG	1	1	3	9	1	3	6	5	0	0	0	0
bglH	7	12	8	8	6	9	8	16	0	0	0	0
bglJ	15	26	17	7	20	21	6	18	0	1	0	0
bglX	560	558	625	599	396	484	473	874	8	10	1	2
bhsA	501	695	464	499	471	793	502	789	5	1	1	1
bhsB	284	386	245	206	278	420	227	439	0	0	1	0
bidA	2515	2688	1526	1876	2454	2579	1171	2114	12	7	4	19
bioA	15	24	28	30	12	25	20	50	0	0	0	1
bioB	23	36	55	66	17	43	25	96	1	0	0	0
bioC	15	17	22	19	18	8	9	34	1	0	0	0
bioD	11	7	12	13	5	1	5	13	0	0	0	0
bioF	28	30	42	45	23	37	26	73	1	1	0	0
bioH	77	86	95	107	75	100	72	134	1	2	0	0
bioP	79	85	118	96	72	108	83	184	0	2	0	0
bipA	5037	5033	23660	26715	3465	5242	20026	30640	74	28	18	22
birA	218	292	301	244	200	319	389	914	3	2	0	4
bisC	391	438	381	389	313	379	270	496	2	6	1	0
blc	175	191	18	12	97	153	10	29	0	0	1	0
blr	371	281	482	362	402	398	346	450	2	1	0	0
bluF	84	114	222	121	89	124	167	423	1	0	0	0
bluR	317	397	563	471	231	378	361	842	6	10	0	5
bolA	14156	13057	5530	5543	10362	13802	3744	5489	23	14	14	5
bor	38	51	976	513	92	101	1046	1467	2	0	0	1
borD	96	106	2021	1090	123	106	1873	2515	8	1	0	0
brnQ	831	1002	1518	1183	638	942	975	2122	14	11	3	2
bsmA	135	216	65	63	69	184	43	144	12	14	4	3
bssR	361	546	381	440	319	512	372	1139	23	27	9	3
bssS	609	839	370	306	708	997	383	772	3	7	5	3
btsR	403	629	1019	936	377	562	549	1343	12	19	3	6
btsS	517	549	1104	985	430	532	618	1346	11	11	6	4
btsT	930	268	78	71	373	299	44	113	12	26	8	6
btuB	700	883	916	855	529	830	716	1643	15	16	7	3
btuC	237	300	266	222	210	233	214	315	1	2	4	1
btuD	207	275	247	298	210	307	150	369	4	3	0	0
btuE	317	379	304	278	226	329	207	463	4	8	0	0
btuF	542	590	573	526	640	655	345	667	6	8	3	1
btuR	210	224	282	296	128	181	146	328	0	3	1	0
cI	1	2	0	0	48	49	534	882	0	0	0	0
cII	5	0	0	0	222	415	1090	2423	4	2	1	3
cIII	48	4	2	1	1143	1871	4075	11443	40	5	9	4
cadA	6040	10708	21	27	5063	13100	228	66	342	582	167	150
cadB	2658	3424	12	2	2185	4128	46	11	120	190	60	50
cadC	147	167	76	41	181	222	54	77	1	0	2	0
caiA	42	52	54	43	23	69	30	65	2	3	0	0
caiB	24	52	16	29	34	47	22	45	3	3	0	2
caiC	44	65	35	38	66	51	25	45	0	1	0	0
caiD	10	17	4	12	7	20	7	20	0	1	0	0
caiE	7	9	7	5	8	11	4	9	0	0	0	0
caiF	124	143	29	28	130	187	25	35	2	1	0	0
caiT	6	12	10	4	14	17	4	12	1	1	0	0
can	40	52	176	133	22	56	163	367	10	3	3	0
carA	59	83	321	297	62	104	293	483	0	2	1	0
carB	316	364	2144	2191	199	319	1361	2898	12	5	2	2
cas1	60	92	44	49	46	93	41	70	3	0	1	0
cas2	25	46	22	19	38	31	24	30	0	0	0	0
cas3	314	419	129	199	270	449	81	170	7	7	2	1
casA	10	9	7	10	6	6	10	16	0	0	0	0
casB	12	13	8	10	8	14	4	19	0	0	0	0
casC	15	32	20	15	15	22	16	29	3	0	0	0
casD	25	23	17	27	19	31	22	26	0	1	0	1
casE	35	57	28	18	40	47	29	25	0	0	0	0
cbeA	0	0	2	0	0	2	1	0	0	0	0	0
cbl	10	21	8	9	14	28	20	28	0	0	0	0
cbpA	954	1194	526	611	664	1012	274	660	16	22	5	8
cbpM	171	201	112	98	118	205	56	125	7	0	0	0
cbrA	6	8	9	15	4	5	17	16	0	0	0	0
cbrB	10	10	14	7	5	11	5	24	0	0	0	0
cbrC	55	31	60	58	46	42	44	55	0	0	0	0
cbtA	1	0	0	0	0	0	0	0	0	0	0	0
cca	795	994	1143	1306	655	928	792	1371	11	15	3	4
ccmA	80	114	86	104	69	97	56	135	3	6	1	1
ccmB	51	74	52	45	38	53	27	59	1	6	1	0
ccmC	219	233	90	149	213	218	58	131	9	4	3	1
ccmD	130	141	61	72	118	141	30	57	4	1	0	0
ccmE	199	255	148	137	260	279	65	161	5	4	0	1
ccmF	328	386	336	373	350	382	204	344	12	14	1	1
ccmG	48	71	118	94	39	70	53	160	0	6	0	0
ccmH	37	57	110	70	43	62	58	138	3	4	2	1
ccp	819	861	203	206	815	1115	119	284	5	5	4	2
cdaR	984	1353	684	972	690	1108	438	823	10	11	2	5
cdd	199	327	132	133	132	260	142	345	4	13	4	0
cdgI	18	18	7	4	25	25	20	10	0	0	0	0
cdh	56	48	122	87	61	59	139	133	1	1	0	0
cdsA	1301	1347	1613	1438	1068	1249	992	1477	13	10	4	4
cecR	91	103	93	101	51	98	85	185	1	7	1	1
cedA	17	27	73	42	17	21	35	111	0	0	0	0
cfa	1320	1771	1832	2057	942	1558	1445	3768	21	10	3	6
chaA	69	69	146	88	59	100	146	249	1	1	0	1
chaB	110	123	43	59	96	141	32	54	1	1	1	0
chaC	135	184	83	81	96	196	53	132	4	2	1	0
chbA	146	200	59	74	120	186	41	98	1	1	0	0
chbB	1250	1517	901	711	1283	1773	491	1350	3	1	1	0
chbC	1149	1435	450	371	1107	1656	297	751	9	3	3	0
chbF	33	37	11	15	20	39	13	21	0	0	1	0
chbG	61	95	49	37	39	66	35	80	2	1	1	3
chbR	160	181	60	59	143	183	34	74	2	4	1	0
cheA	7716	10173	9789	9614	5937	8877	7276	16079	172	303	74	45
cheB	1683	2056	2590	2538	1438	2130	1626	3535	32	114	17	21
cheR	8054	8167	8622	8518	7819	8905	4550	8360	93	197	51	28
cheW	1785	2143	2432	2465	1202	1839	1805	4411	23	39	3	6
cheY	1018	1344	1676	1700	774	1195	1473	2636	23	34	7	11
cheZ	1102	1540	1968	2132	802	1355	1628	3429	25	53	20	16
chiA	74	97	112	123	89	113	82	194	4	1	0	2
chiP	3199	2794	2157	1634	2837	2909	2587	1791	7	1	3	1
chiQ	99	92	128	94	72	100	61	91	1	1	0	0
chiX	3023831	4517147	3187339	1988555	2853868	3792914	9750236	2390078	834	105	333	1010
chiZ	33720	20493	17164	11855	27840	26901	17052	11056	16	1	1	9
cho	567	519	693	582	592	597	537	799	6	5	2	1
chpB	205	211	240	338	137	179	111	235	2	0	5	0
chpS	187	200	207	272	120	195	118	236	2	1	0	0
cirA	24	27	658	663	20	27	457	1366	2	0	1	0
citC	6	10	2	6	10	10	3	4	0	0	1	0
citD	2	0	0	0	0	4	0	1	0	0	0	0
citE	4	8	1	3	4	8	0	0	2	1	1	0
citF	3	13	2	3	9	10	0	6	0	0	1	0
citG	5	3	1	1	4	11	1	2	0	0	0	0
citR	11	8	17	12	8	14	26	37	2	0	0	0
citT	9	18	15	8	11	25	12	20	0	0	0	0
citX	4	4	2	3	5	6	0	3	0	0	0	0
clcA	1166	1195	981	799	926	1137	616	937	8	5	7	3
clcB	20	37	54	45	37	54	33	82	2	0	0	0
clpA	15982	16336	8012	11511	9415	14161	4211	11298	255	332	106	86
clpB	5014	5380	5284	5264	3165	5058	4543	9483	123	164	119	50
clpP	801	970	949	828	535	824	738	1412	13	10	7	3
clpS	2222	1942	1539	1527	1884	1909	1274	1613	7	13	3	4
clpX	1057	1609	1624	1430	819	1591	1038	3342	86	88	45	29
clsA	294	411	303	238	186	285	199	479	10	6	2	2
clsB	392	513	59	70	234	408	47	72	1	2	0	0
clsC	577	660	810	676	530	609	487	925	8	6	3	2
cmk	137	187	335	272	100	161	252	575	10	6	2	0
cmoA	133	135	189	159	76	110	158	244	1	6	1	1
cmoB	208	222	353	316	151	219	280	474	5	6	1	0
cmoM	611	715	803	711	530	623	567	904	2	6	0	0
cmtA	13	20	13	21	11	13	14	24	0	0	0	0
cmtB	2	4	4	1	2	3	9	6	0	0	0	0
cnoX	631	701	709	771	366	581	520	1009	7	12	3	3
cnu	10	6	26	13	12	22	29	45	0	0	0	0
coaA	227	188	385	202	204	222	296	497	3	6	0	0
coaD	53	70	86	62	46	65	65	162	2	3	0	0
coaE	158	177	212	183	105	176	161	302	1	0	0	1
cobB	629	683	1055	1172	487	596	728	1041	5	3	1	2
cobC	34	54	96	67	31	40	54	159	1	0	1	0
cobS	707	655	552	521	630	583	374	510	2	6	1	0
cobT	292	367	287	274	231	303	182	332	4	8	1	2
cobU	105	126	121	121	90	123	75	216	0	1	1	0
codA	161	238	389	365	144	210	304	617	3	3	4	1
codB	27	38	129	123	31	32	105	182	0	0	1	0
cof	10270	7246	9939	8279	7302	9026	7326	7015	8	7	2	20
comR	240	250	257	232	149	221	214	391	2	6	2	2
copA	504	625	244	259	333	544	148	420	12	37	10	3
corA	172	177	169	154	92	166	107	263	0	6	1	0
cpdA	2597	3046	2404	2640	1918	2733	1498	3631	35	49	6	9
cpdB	680	876	388	441	418	696	259	638	4	15	2	3
cpoB	268	518	1279	1086	241	505	1017	3209	13	13	6	1
cpsB	19	12	9	13	9	8	11	25	0	0	0	0
cpsG	6	8	9	17	3	5	10	18	2	0	0	0
cpxA	848	945	702	758	566	762	552	1181	15	25	6	5
cpxP	1102	1748	1875	1357	1005	2052	4480	12792	31	10	3	6
cpxQ	32685	27210	33088	25816	47315	59466	32482	65401	45	5	13	2
cpxR	491	609	563	451	344	547	437	1002	8	17	5	5
cra	1593	1981	1331	1548	1081	1770	707	1758	41	59	13	8
crcB	105	92	84	58	62	100	74	118	0	0	2	0
creA	189	237	268	212	137	210	205	334	2	2	0	3
creB	288	315	286	284	172	257	163	366	0	3	1	1
creC	327	353	383	396	251	349	253	405	2	3	1	1
creD	68	58	91	56	51	72	46	78	0	0	0	0
crl	123	180	311	281	100	149	204	587	2	6	1	0
cro	13	0	1	0	823	1398	2340	5574	16	0	14	6
crp	7714	8077	7990	8542	6222	8050	5004	9352	107	96	29	33
crr	783	968	764	701	553	926	605	1390	38	34	13	12
csdA	594	762	673	718	458	739	443	987	12	14	5	4
csdE	88	116	143	120	79	137	81	197	2	2	0	1
csgA	5	12	0	5	2	11	4	12	0	0	0	0
csgB	1	2	1	0	3	3	2	0	0	0	0	0
csgC	22	15	59	48	13	14	63	130	0	0	0	0
csgD	37	27	45	36	27	28	31	54	0	0	0	0
csgE	7	8	10	11	10	12	7	13	0	0	0	0
csgF	3	2	6	2	1	3	3	6	0	0	0	0
csgG	50	38	39	16	29	28	26	47	0	1	0	0
csgI	35	43	22	20	34	33	17	41	0	0	0	0
csiE	3483	3109	869	1006	2003	2366	461	676	6	9	1	4
cspA	2008	3211	3187	2461	1694	3279	2180	7363	241	257	142	124
cspB	354	539	699	534	329	583	345	1056	18	27	10	4
cspC	281	381	476	441	243	363	349	898	37	25	28	8
cspD	392	419	154	175	290	414	187	315	4	9	7	1
cspE	3924	6009	6062	6039	3257	4809	6262	11052	116	78	69	28
cspE_3'	940	1804	1739	1066	947	1476	1225	3322	30	20	20	8
cspF	152	216	413	254	140	225	282	689	6	1	1	1
cspG	2905	4450	5396	3657	2631	4342	2901	7300	79	78	22	29
cspH	7	18	50	17	11	15	48	83	0	0	0	1
cspI	247	363	358	238	303	459	260	545	2	7	0	1
csqR	114	139	127	128	77	126	83	209	3	1	0	0
csrA	815	1002	766	638	619	915	605	1398	21	26	7	9
csrB	2246	1926	1867	2927	1025	2135	1226	1379	141	137	87	64
csrC	154	206	153	149	118	194	124	191	9	11	7	5
csrD	134	199	171	167	101	166	106	318	5	11	0	1
cstA	6960	5783	5950	6315	4156	4606	3550	6534	45	22	12	17
cueO	215	271	124	133	165	251	89	194	2	6	0	0
cueR	85	103	87	74	54	85	54	181	1	0	0	0
curA	540	737	188	255	394	659	112	323	10	17	2	3
cusA	41	46	36	41	31	44	41	77	0	2	0	0
cusB	6	8	5	10	2	5	6	6	1	1	0	0
cusC	6	7	6	4	5	4	0	9	0	0	0	0
cusF	1	1	6	3	2	0	3	2	1	0	0	0
cusR	14	20	28	25	16	25	26	44	2	1	0	0
cusS	56	46	82	67	34	53	57	83	0	1	0	0
cutA	304	308	401	300	256	306	664	349	3	3	1	1
cutC	633	1071	3086	4351	607	1029	3169	4050	13	4	0	3
cvpA	122	144	233	195	87	139	149	326	3	4	0	3
cvrA	996	968	1339	1237	856	1013	789	1373	5	8	0	2
cyaA	1711	2390	2264	1989	1260	2202	1673	4808	44	60	18	10
cyaR	757051	547638	444569	332542	603353	689174	308875	409771	680	199	178	187
cyaY	55	66	81	73	33	53	86	120	0	0	0	0
cybB	2270	1860	2809	2031	2215	2013	2145	2697	5	1	0	0
cybC	342	440	412	445	313	464	264	616	3	3	0	1
cycA	1200	1342	1983	1514	777	1186	1568	2934	8	7	2	1
cydA	3813	5426	2785	3020	2619	5123	1629	5476	207	248	86	64
cydB	3092	4581	2088	2303	2439	4149	1243	3962	158	150	52	55
cydC	632	767	1050	917	566	651	666	1255	11	17	6	2
cydD	1080	1152	1603	1341	973	1072	1033	1719	17	8	10	7
cydH	426	443	387	388	391	472	309	433	13	5	5	1
cydX	616	814	439	466	477	813	320	887	19	38	9	5
cynR	11	13	37	22	14	15	38	49	0	0	0	0
cynS	8	5	11	4	6	4	8	8	0	0	1	0
cynT	2	3	4	3	1	2	2	7	1	0	1	0
cynX	28	39	38	22	31	33	35	30	1	0	0	0
cyoA	361	481	3338	2568	262	416	2479	6587	28	17	8	12
cyoB	1238	1384	11237	9007	782	1156	6988	17963	57	35	13	31
cyoC	413	552	2603	2687	199	304	1491	4552	25	4	6	3
cyoD	166	296	1006	806	94	176	854	2200	13	1	2	1
cyoE	3246	3974	7124	6601	2359	2960	4291	9871	36	39	12	18
cysA	41	50	63	43	43	42	32	63	2	1	1	0
cysB	879	1290	1653	1325	711	1046	963	2561	15	11	5	4
cysC	18	26	20	18	7	18	13	41	1	2	0	0
cysD	38	48	18	24	22	44	14	34	1	2	0	0
cysE	991	1418	1428	1477	702	1111	730	2130	18	8	5	3
cysG	201	212	193	202	138	153	145	269	2	1	1	1
cysH	0	3	7	3	1	2	4	15	0	0	0	0
cysI	24	39	60	57	31	55	36	111	1	4	1	0
cysJ	86	122	202	212	87	127	99	212	2	0	0	1
cysK	555	905	624	629	401	664	458	1309	19	20	4	1
cysM	250	309	461	478	196	267	401	714	2	3	0	3
cysN	156	201	95	79	92	128	48	168	3	3	2	0
cysP	28	60	36	24	31	44	27	68	0	1	0	0
cysQ	860	974	335	387	534	915	242	483	5	8	2	7
cysS	81	118	178	121	61	113	185	366	4	9	0	2
cysT	230	195	317	376	213	241	422	701	74	55	56	14
cysU	37	61	39	47	30	39	27	28	1	0	1	0
cysW	22	26	26	26	22	23	15	27	0	2	0	0
cysZ	145	159	211	142	138	159	164	204	0	1	0	1
cytR	367	515	405	459	275	444	290	925	4	8	4	0
cyuA	739	811	394	418	665	940	148	449	6	3	1	2
cyuP	2206	1733	1839	1444	2087	2120	799	1936	3	3	2	1
dacA	212	265	577	442	145	249	417	884	6	4	1	0
dacB	54	54	89	42	26	42	50	126	0	3	1	2
dacC	1175	1334	564	713	780	1117	496	875	11	9	4	1
dacD	77	83	87	74	71	77	65	131	2	0	1	2
dadA	1266	1462	2576	2356	517	730	1876	4391	19	8	0	3
dadX	1200	1288	2771	2664	504	682	1768	4736	14	12	5	3
dam	209	292	406	304	171	239	311	634	9	7	5	3
damX	705	960	974	961	467	783	771	1997	31	39	13	6
dapA	819	1038	1301	886	581	867	876	1780	26	22	8	15
dapB	1606	1921	1911	1870	1249	1843	1142	2837	15	7	2	7
dapD	1572	1729	1704	1931	1124	1607	1128	2132	13	11	3	1
dapE	376	438	435	392	260	391	325	428	5	5	3	2
dapF	985	1299	1137	1197	721	1020	693	1724	21	22	12	2
dauA	111	122	479	354	118	133	327	604	3	8	3	0
dbpA	132	149	129	135	116	159	115	203	1	1	0	0
dcd	527	710	588	618	421	646	409	1204	18	31	6	10
dcm	160	142	229	183	85	162	177	338	5	5	0	3
dcp	906	942	1284	1212	695	837	882	1638	7	11	2	2
dcrB	662	996	689	758	500	917	602	1827	18	15	4	5
dctA	2123	2262	4414	4269	1434	1765	3133	6870	36	30	15	10
dctR	2	8	1	2	3	10	1	2	0	0	0	0
dcuA	2954	4141	2134	2178	2285	4153	1167	3547	158	126	58	42
dcuB	1392	1609	391	491	1201	1742	228	548	34	45	20	8
dcuC	4461	5245	1660	2573	3636	4525	653	1440	44	42	14	12
dcuD	11	19	10	11	12	5	13	6	0	0	0	0
dcuR	76	98	77	60	52	66	77	149	0	6	0	0
dcuS	264	365	360	298	218	321	240	792	10	5	2	5
dcyD	1397	1414	1233	1238	972	1429	828	1894	11	20	9	3
ddlA	336	440	796	658	260	409	686	1299	5	5	7	4
ddlB	1052	1639	971	1118	798	1357	714	1379	21	31	6	7
ddpA	23	32	27	36	13	17	13	52	0	1	0	0
ddpB	36	39	25	22	18	32	21	30	0	0	1	0
ddpC	40	47	31	38	24	29	17	37	0	0	1	0
ddpD	26	30	11	24	14	13	11	25	0	0	0	0
ddpF	11	17	13	5	4	14	5	22	0	2	0	0
ddpX	12	13	8	13	11	12	8	19	0	0	0	0
deaD	767	1260	1485	1111	626	1205	917	3393	74	84	28	31
decR	176	260	308	270	196	254	244	464	1	7	3	3
dedA	4839	5023	9457	7624	4725	4809	5052	7782	12	9	6	2
dedD	422	584	625	628	297	534	358	1199	8	13	2	4
def	1343	1866	1508	1418	1113	1837	861	2414	27	23	11	14
degP	1061	1076	1452	1235	786	1129	1699	2736	10	5	6	2
degQ	808	856	538	668	504	742	469	797	4	7	3	5
degS	71	131	118	83	70	102	66	224	0	5	3	2
deoA	349	605	157	191	201	500	127	357	12	20	7	4
deoB	1318	1966	812	909	872	1799	618	1859	67	76	21	31
deoC	410	552	168	178	221	467	167	487	21	15	5	8
deoD	1041	1416	1155	1057	679	1321	847	2194	24	24	11	16
deoR	691	618	840	721	560	690	537	917	3	1	0	0
der	1151	1452	1914	1947	810	1338	1197	2743	16	22	5	11
dfp	664	637	1477	1131	499	678	1176	1899	5	2	0	2
dgcC	32	36	16	14	28	39	19	23	0	0	0	1
dgcE	578	829	917	820	479	705	528	1257	22	24	8	1
dgcF	135	145	156	132	118	162	102	250	2	1	2	0
dgcI	55	66	222	162	44	45	167	197	1	1	0	0
dgcJ	89	90	215	127	64	100	175	199	0	0	0	1
dgcM	333	476	88	59	258	446	61	119	0	0	2	1
dgcN	180	291	247	202	205	360	147	436	7	5	3	2
dgcP	268	382	870	710	241	368	556	1075	4	8	3	3
dgcQ	421	441	363	446	325	434	253	435	7	9	2	0
dgcT	228	241	357	189	222	246	214	316	1	0	0	1
dgcZ	126	134	265	213	185	236	325	485	1	1	0	0
dgkA	38	61	76	67	37	47	72	126	1	3	0	1
dgoA	19	29	45	51	9	28	19	63	0	2	1	0
dgoD	51	68	53	83	43	63	33	89	0	0	1	1
dgoK	48	78	80	99	56	59	38	166	0	3	0	0
dgoR	39	65	82	65	25	46	37	140	2	2	1	0
dgoT	39	34	41	36	27	22	20	37	0	0	0	0
dgt	2404	2122	1657	1639	1710	2116	1019	1932	4	6	1	3
dhaK	311	377	231	251	208	364	150	355	3	2	0	0
dhaL	121	149	80	97	96	107	50	133	1	1	1	0
dhaM	239	349	191	210	195	293	103	343	6	7	4	2
dhaR	176	170	169	158	91	170	133	256	2	5	2	1
diaA	217	242	191	243	146	208	183	278	3	6	2	4
dicA	96	160	322	226	151	207	357	690	4	3	0	1
dicB	5	15	16	8	5	13	1	9	0	0	0	0
dicC	0	3	1	2	1	1	1	2	0	0	0	0
dicD	450	542	356	358	291	477	271	498	8	7	1	1
dicF	3006	2616	4492	2362	2475	2548	2653	2507	2	3	1	2
digH	71	84	96	74	43	79	67	264	0	0	0	0
dinB	185	264	310	325	148	263	159	440	3	2	1	2
dinD	2847	3020	4181	4883	2753	3370	2775	4335	7	6	1	2
dinF	1261	1295	1759	1381	1340	1368	920	1773	6	6	1	1
dinG	1824	2492	2834	3544	1720	2252	1322	3093	34	28	9	12
dinI	1348	1294	2298	1805	1013	1497	1506	2666	2	0	0	0
dinJ	37	64	118	97	40	82	88	268	0	0	0	0
dinQ	15	16	19	18	10	15	20	28	2	1	0	1
djlA	287	362	386	376	262	342	301	543	5	1	0	0
djlB	3	1	3	0	3	2	3	4	0	0	0	0
djlC	82	110	126	95	68	87	56	124	0	2	0	0
dkgA	740	977	215	197	470	925	115	237	13	12	7	3
dkgB	81	109	73	56	95	132	218	547	4	2	2	0
dksA	1893	2182	1830	1946	1271	2103	1081	2884	42	35	9	12
dld	2221	3030	1786	1850	1542	2494	1046	2880	43	46	7	5
dmlA	217	187	118	114	126	182	74	156	6	5	0	2
dmlR	1108	1128	1291	1311	773	826	566	989	4	5	1	1
dmsA	10255	14057	3918	5032	8098	13313	2154	6877	186	318	104	86
dmsB	1000	1555	217	303	781	1640	84	396	55	78	25	13
dmsC	1936	2243	235	293	2109	2612	143	307	42	74	21	18
dmsD	231	349	327	291	296	485	208	428	14	16	8	7
dnaA	1342	1660	1637	1505	1404	2195	1423	3334	34	47	18	12
dnaB	274	396	706	626	176	371	570	1176	11	14	5	2
dnaC	212	227	220	217	140	248	173	331	4	4	0	2
dnaE	620	798	1898	1456	461	712	1370	3227	20	22	8	11
dnaG	219	246	445	331	151	244	415	1048	11	27	9	3
dnaJ	656	802	2023	1878	314	552	1519	3196	9	12	1	3
dnaK	3406	3275	11858	10905	1452	2467	11508	20871	88	41	19	31
dnaN	364	511	535	404	432	707	545	1452	15	17	10	5
dnaQ	110	172	246	194	87	152	152	389	5	2	0	0
dnaT	201	210	159	163	145	178	151	252	2	3	0	1
dnaX	1134	1345	2261	2410	951	1375	1813	2873	20	20	7	5
dolP	185	256	198	207	119	184	173	333	5	6	0	0
dosC	121	149	77	58	96	157	60	88	0	1	0	0
dosP	78	139	69	57	52	111	35	77	1	1	2	0
dpaA	116	166	310	180	70	179	133	461	7	7	1	5
dpiA	22	28	29	23	21	37	14	39	0	0	0	0
dpiB	214	223	188	157	181	253	123	222	1	1	1	1
dppA	27640	36449	13541	14019	14650	25889	6457	16045	151	209	37	83
dppB	1375	1628	213	253	640	1138	101	351	15	26	6	7
dppC	996	945	65	67	631	745	61	83	8	20	2	2
dppD	626	854	45	34	304	539	39	101	15	23	1	3
dppF	756	932	55	48	423	652	42	103	23	21	7	7
dps	5825	7954	752	796	4302	7993	710	1268	79	76	41	33
drpB	11	16	22	11	12	16	27	17	0	0	0	0
dsbA	489	572	869	845	400	540	935	2040	4	4	3	2
dsbB	3522	2591	4363	3407	2827	2898	3034	3587	4	3	2	3
dsbC	1433	1392	1852	1351	1237	1284	1461	1769	4	3	2	5
dsbD	968	954	1244	1101	841	1019	1337	1286	10	6	1	2
dsbG	56	76	127	95	42	72	66	213	3	0	0	0
dsdA	350	254	88	100	152	234	70	124	1	5	0	0
dsdC	200	175	141	143	106	159	101	143	1	1	0	0
dsdX	65	53	26	30	40	66	17	37	0	3	0	0
dsrA	19879	16712	14741	13170	19299	23334	8871	23750	11	3	0	4
dsrB	40	41	35	37	30	40	30	55	0	0	0	0
dtd	6948	6702	4047	5139	5942	6973	2216	3829	23	13	4	2
dtpA	2561	2765	7799	6514	1912	2475	4599	8050	25	18	7	6
dtpB	8028	7509	3206	3232	5881	6706	1638	3091	32	45	16	10
dtpC	398	558	41	31	447	742	36	62	11	52	14	14
dtpD	90	86	88	67	90	80	48	98	1	2	1	0
dusA	97	125	236	178	75	126	136	400	4	8	0	1
dusB	163	184	376	295	126	215	300	637	7	11	3	2
dusC	19	14	49	42	20	29	44	65	1	1	0	0
dut	327	368	869	749	251	370	709	1373	5	5	0	0
dxr	695	835	896	817	560	918	574	1223	13	7	5	0
dxs	628	948	1112	1052	553	853	788	2003	19	26	9	1
ea10	32	2	0	1	895	1610	4431	9586	28	1	4	5
ea22	49	0	3	4	5224	7240	13648	25228	57	2	18	11
ea31	41	3	1	0	2917	4827	8934	18721	60	2	18	8
ea47	40	6	2	2	3427	5030	10396	15934	41	2	9	1
ea59	66	0	2	2	3685	5241	10460	18325	38	3	13	7
ea8.5	7	0	0	1	540	1039	2089	5328	9	0	3	4
eaeH	1	1	0	0	0	1	0	0	0	0	0	0
eamA	1446	1158	1229	1115	1343	1198	919	957	0	0	0	0
eamB	20	27	2	9	16	16	16	12	0	0	0	0
ebgA	319	243	220	215	231	227	158	315	1	2	1	0
ebgC	13	9	18	13	6	10	7	22	0	0	0	0
ebgR	909	1202	1117	1210	794	1303	938	1904	21	24	3	4
ecnA	4	13	22	9	8	6	18	27	0	0	0	0
ecnB	525	627	109	57	441	722	101	120	1	6	2	1
eco	1664	1608	1220	1460	1197	1805	972	1559	10	11	3	1
ecpA	2	2	4	2	0	7	4	4	0	0	0	0
ecpB	3	3	2	0	1	4	1	5	0	1	0	0
ecpC	22	30	21	21	8	27	19	30	3	2	0	0
ecpD	49	66	63	57	37	58	48	115	1	1	0	0
ecpE	46	46	48	57	38	51	27	99	0	4	0	0
eda	325	328	357	386	237	296	248	552	8	8	3	3
edd	182	224	240	252	124	208	185	352	5	4	0	3
efeB	66	54	249	291	24	44	194	418	0	2	0	1
efeO	12	15	203	190	6	10	169	505	0	2	0	1
efeU	25	22	339	248	19	14	200	360	0	0	0	0
efp	105	113	291	200	68	117	263	640	9	5	2	7
elaA	59	59	81	83	59	75	55	122	2	1	2	0
elaB	245	393	82	91	201	312	66	153	18	14	5	4
elaD	28	49	48	41	20	36	34	80	0	0	0	0
elbB	2812	2645	1423	1789	2045	2515	1065	1689	10	13	0	4
elfA	9	16	16	7	11	20	12	28	0	0	0	0
elfC	18	37	25	27	15	26	20	40	1	2	0	1
elfD	2	1	2	1	2	5	4	5	0	0	0	0
elfG	42	53	56	38	38	52	28	63	1	0	0	0
elyC	100	91	125	79	116	103	101	129	0	0	0	0
emrA	249	309	760	518	193	360	622	1138	2	2	2	1
emrB	64	91	226	180	58	79	188	327	1	0	1	0
emrD	1442	1347	2920	2585	1239	1511	2075	2308	5	2	3	3
emrE	24	17	47	21	21	35	42	82	0	0	0	0
emrK	0	1	3	6	3	2	3	9	0	0	0	0
emrY	31	29	48	36	36	35	48	45	0	0	0	0
emtA	15	19	45	27	20	32	29	73	0	1	0	0
endA	8	16	12	13	13	18	8	21	0	0	0	0
eno	1557	2547	2406	2253	1025	2372	1843	6100	128	137	62	37
entA	32	40	151	166	12	26	76	270	0	1	0	0
entB	20	23	173	166	11	17	95	372	1	2	0	0
entC	8	4	203	192	6	5	103	364	1	0	0	0
entD	158	118	197	164	147	128	103	210	0	0	0	0
entE	14	9	386	416	8	11	233	780	3	0	0	0
entF	112	68	381	441	60	62	200	792	3	0	0	1
entH	27	31	102	134	17	19	56	224	0	0	0	0
entS	30	21	355	323	14	25	234	457	2	0	0	0
envC	938	1122	2571	2100	819	1086	1196	2578	10	13	4	3
envR	0	0	1	1	0	0	0	1	0	0	0	0
envY	9	5	12	7	8	9	7	15	0	0	0	0
envZ	841	995	786	681	515	881	488	1293	14	19	10	12
epd	527	735	606	515	331	744	390	1265	26	39	14	6
epmA	93	94	124	109	68	83	73	185	2	4	1	1
epmB	107	127	206	162	68	113	116	419	8	5	1	1
epmC	425	486	850	884	357	493	631	1141	7	9	2	0
eptA	39	35	40	37	25	51	23	47	0	1	0	0
eptB	2989	3011	9733	8098	3084	3103	4759	8694	18	6	3	7
eptC	301	365	1030	887	247	404	797	1737	9	3	0	0
era	129	220	240	181	81	185	204	495	11	14	6	3
erpA	291	373	420	364	237	391	320	726	6	4	0	4
esrE	747	872	690	827	545	842	277	1087	11	10	5	3
essD	0	1	2	2	0	2	2	7	0	0	0	0
essQ	4	5	4	5	6	12	14	26	1	1	0	0
etk	199	190	169	162	161	196	120	208	1	0	0	3
etp	4	4	12	9	4	6	8	23	0	0	0	0
ettA	608	756	1208	1172	360	662	945	2641	19	15	7	12
eutA	7	8	5	8	5	11	5	16	0	0	0	0
eutB	89	118	42	75	59	96	53	163	1	3	1	4
eutC	188	226	155	162	105	186	104	203	7	4	2	0
eutD	26	42	17	20	27	31	11	35	1	0	1	0
eutE	17	17	17	9	13	14	9	21	0	0	1	0
eutG	10	14	10	6	13	11	9	17	1	1	0	0
eutH	4	10	8	15	5	18	9	9	0	0	0	0
eutJ	9	17	17	12	6	13	4	15	0	0	0	0
eutK	57	58	44	44	33	52	19	65	2	2	1	0
eutL	105	149	84	73	76	115	56	103	4	5	3	2
eutM	23	13	15	13	9	33	5	24	1	2	0	0
eutN	0	1	1	0	0	2	0	4	0	0	0	0
eutP	11	7	6	4	6	7	3	14	0	0	0	0
eutQ	13	33	22	22	19	30	11	30	0	0	0	0
eutR	80	102	68	72	60	103	36	116	1	3	1	1
eutS	6	6	6	7	6	5	7	20	0	0	0	0
eutT	16	31	11	19	20	33	12	22	0	0	0	0
evgA	470	555	1091	716	508	617	563	1096	12	5	3	0
evgL	8	24	31	22	13	18	24	61	0	0	0	0
evgS	441	697	1052	774	507	741	639	1621	17	14	4	2
exbB	498	628	2083	2082	293	471	1132	3131	14	7	4	3
exbD	72	111	377	351	44	64	179	689	1	2	3	0
exo	87	1	2	4	4405	6993	13687	32371	64	8	44	30
exoD	5	0	3	0	46	73	184	269	1	0	0	0
exoX	165	182	404	348	110	171	272	429	0	0	1	0
exuR	739	1293	845	815	472	1117	654	1744	13	34	9	7
exuT	2761	3457	1125	1526	2649	3673	561	1653	41	62	22	19
eyeA	15	13	11	15	16	14	15	16	0	1	0	0
fabA	488	541	2101	1557	427	557	1806	3328	10	13	4	3
fabB	1655	1679	2461	2239	961	1521	1575	4708	75	79	29	22
fabD	2010	2432	5384	5856	1454	2103	5093	7309	39	45	13	21
fabF	2507	2876	5328	4734	1929	2743	3623	7172	50	52	25	17
fabG	3099	3224	7720	9142	2190	3062	7067	9750	55	52	11	15
fabH	775	1174	1806	1858	535	897	1424	2998	20	33	2	5
fabI	850	997	1678	1349	571	891	1290	3262	26	15	3	8
fabR	3109	3068	4689	4530	2893	3241	3158	5210	16	12	3	7
fabY	3534	3594	2800	3083	2731	3296	1641	2759	23	8	5	10
fabZ	1179	1337	1924	1475	1089	1243	1782	2525	12	5	2	2
fadA	619	523	334	424	216	319	209	434	3	0	0	0
fadB	196	190	308	271	87	130	242	489	3	1	0	1
fadD	9343	8001	4097	3444	6412	7525	3653	3739	2	4	2	9
fadE	260	273	221	225	143	246	132	393	3	3	3	1
fadH	532	741	944	975	510	661	535	995	6	7	3	1
fadI	502	683	673	591	369	595	443	764	5	7	2	2
fadJ	757	895	768	905	559	720	436	1003	10	11	3	4
fadK	15	32	20	17	27	21	31	24	0	0	0	0
fadL	344	460	675	507	188	291	625	1051	5	6	0	1
fadM	134	147	112	83	102	179	52	127	2	2	1	1
fadR	705	1061	1247	1178	603	861	656	1739	21	18	5	6
fau	193	361	247	217	128	253	180	449	6	8	1	2
fbaA	2950	5375	2607	2699	2084	4928	1820	6415	105	94	27	34
fbaB	1692	1931	413	387	1237	1656	274	446	4	8	6	1
fbp	454	506	567	503	304	445	483	1160	12	15	4	2
fcl	2	2	4	3	2	2	8	3	0	0	0	0
fdhD	515	688	567	651	395	597	319	570	4	3	1	3
fdhE	600	1000	509	472	401	728	315	1146	30	32	9	8
fdhF	610	605	355	411	416	565	206	365	12	16	9	7
fdnG	228	422	156	141	202	446	81	263	14	22	5	7
fdnH	26	55	21	7	14	45	8	44	4	7	3	0
fdnI	11	20	16	11	13	18	7	15	1	2	0	0
fdoG	19432	24216	16559	17775	13267	19035	10596	23949	215	282	72	80
fdoH	2360	3468	1463	1475	1228	2398	800	3006	69	79	33	24
fdoI	1052	1441	542	505	634	933	352	1143	25	20	12	6
fdrA	0	4	4	5	4	3	0	4	0	0	0	0
fdx	181	217	463	463	113	218	307	766	7	10	1	5
feaB	174	186	159	169	120	193	157	230	1	0	0	0
feaR	53	56	113	104	23	42	99	174	1	0	0	0
fecA	1090	1181	2306	1786	791	1051	1243	2949	12	5	5	3
fecB	401	380	517	474	255	277	352	699	6	4	0	1
fecC	60	79	101	91	28	52	68	185	0	0	0	0
fecD	35	35	65	68	19	27	44	98	0	0	0	0
fecE	50	77	79	70	29	44	39	180	1	3	0	0
fecI	31	26	170	139	24	28	106	240	1	0	0	0
fecR	15	24	140	109	10	20	57	229	0	0	0	0
feoA	269	291	1152	1226	162	295	997	1845	7	4	1	1
feoB	1269	1854	4612	5334	696	1273	2388	8195	45	16	7	3
feoC	69	73	197	207	27	63	66	361	1	2	2	0
fepA	242	230	884	1095	128	222	660	1553	1	0	1	0
fepB	8	14	75	73	3	13	48	142	0	0	0	0
fepC	8	9	78	88	1	4	35	156	0	0	0	0
fepD	119	149	486	306	99	153	222	640	1	1	0	0
fepE	1	1	3	0	0	1	0	2	0	0	0	0
fepG	16	12	183	130	5	11	74	208	1	0	0	0
fes	12	10	184	169	7	8	96	290	1	0	0	0
fetA	85	96	68	67	52	121	75	124	0	3	1	1
fetB	44	86	57	62	55	109	51	108	0	2	0	1
ffh	1988	2440	2069	2189	1461	2302	1406	3266	44	65	15	12
ffs	2292	1644	1428	4522	2858	2750	1925	3999	2276	2712	1251	1117
fhlA	398	503	158	168	299	593	68	274	12	31	10	4
fhuA	667	757	2105	1974	428	584	1183	4052	7	9	2	2
fhuB	170	185	517	630	123	163	298	632	1	2	0	1
fhuC	451	460	1044	1083	275	355	582	1216	7	0	1	2
fhuD	85	116	195	162	48	68	129	332	1	0	1	0
fhuE	11	31	127	73	15	19	60	272	2	1	0	1
fhuF	14	21	528	353	8	15	297	1043	3	1	1	0
fic	141	179	40	35	85	133	22	71	0	7	1	2
fieF	1157	1152	1074	1076	822	1076	973	1704	13	17	4	1
fimA	561	810	1168	1167	494	711	986	1922	12	7	10	0
fimB	281	240	995	772	222	287	720	1105	3	1	0	0
fimC	56	84	155	127	66	87	138	262	2	0	0	0
fimD	910	1004	2939	2485	966	1353	2704	2713	1	2	1	5
fimE	29	25	16	23	25	45	29	30	0	0	0	0
fimF	7	10	24	20	10	10	27	53	0	0	0	0
fimG	5	7	19	15	2	7	12	28	0	0	0	0
fimH	62	51	71	69	44	50	46	106	0	0	0	0
fimI	80	124	214	146	86	141	107	342	2	2	0	0
fimR2	39	65	129	69	61	88	72	290	4	2	0	0
fimX	41	66	129	72	61	90	75	296	4	2	0	0
fimZ	0	0	1	2	3	1	0	2	0	0	0	0
fis	19	36	81	49	19	62	85	174	5	3	0	0
fiu	19	11	278	316	10	12	240	813	1	1	0	0
fixA	4	6	4	4	3	10	3	6	0	0	1	0
fixB	18	21	13	13	8	13	11	16	0	0	0	0
fixC	13	15	16	17	13	22	14	16	1	0	0	0
fixX	6	3	0	4	8	5	3	3	0	0	0	0
fklB	214	283	571	476	118	207	321	854	6	4	3	8
fkpA	1366	1474	3193	3133	1093	1664	2754	4992	24	10	5	8
fkpB	571	745	1113	820	463	677	632	1428	10	5	0	5
fldA	1514	1692	2111	1978	1250	1681	1934	3053	10	2	7	8
fldB	827	946	896	915	749	993	557	1000	5	10	3	2
flgA	2174	2331	3051	2650	1336	1946	2284	6469	29	18	4	7
flgB	2730	3249	3344	3205	1618	2672	2825	6203	46	84	24	10
flgC	2107	2916	2632	2573	1143	2298	1907	5967	62	67	21	18
flgD	8534	10711	9785	10483	5155	8363	6334	16340	167	309	67	62
flgE	9313	14936	13517	13082	5778	12088	8735	29688	309	541	105	79
flgF	3874	5754	5234	5709	2234	4359	3858	11139	122	199	44	30
flgG	4750	7279	7966	7858	3198	5708	5213	15003	116	213	45	51
flgH	1519	2381	2242	2310	998	1747	1602	4690	39	99	7	12
flgI	904	1520	1768	1665	595	1201	1403	4133	35	55	10	13
flgJ	838	1432	1859	1948	553	1077	1336	4199	44	54	15	4
flgK	18048	23052	21216	21104	13251	20769	12635	36448	287	441	111	86
flgL	45539	43738	42659	42009	37847	42566	26088	44245	187	166	54	55
flgM	4990	7448	6486	5409	3264	6485	3911	14858	95	123	19	35
flgN	11013	14245	13524	12295	7408	12536	7018	23995	158	133	36	29
flgO	654139	568737	518774	431493	645303	590418	387558	368016	209	33	85	41
flhA	2615	2829	4885	4597	2005	2403	2981	5945	30	61	16	6
flhB	1568	1305	2815	2709	1048	1195	2170	3515	12	29	7	6
flhC	16823	13164	17605	12927	12600	15888	11433	16680	45	17	13	16
flhD	2292	2499	3820	3096	2126	2554	2249	4356	22	12	1	4
flhE	211	264	495	409	162	237	356	727	2	9	1	5
fliA	11178	12974	10836	10560	6824	10968	6915	19182	158	251	54	64
fliC	298866	338224	272146	254531	229312	333303	173456	443952	2749	1973	764	1138
fliD	8367	9127	6257	5608	5458	9122	4731	13115	182	377	98	46
fliE	23	29	87	47	8	16	104	207	0	4	0	0
fliF	7505	8619	12991	13829	4979	7294	7672	20521	113	178	37	36
fliG	9405	12001	14399	16978	6494	10130	8176	21122	171	298	77	40
fliH	3307	5064	6393	6455	2222	3995	3241	10555	97	156	42	24
fliI	2648	3767	5628	6041	1921	2910	3615	8454	67	110	19	16
fliJ	878	1172	1865	2432	561	880	1582	2795	8	17	2	2
fliK	1591	2380	4149	4016	1070	1779	2659	6843	34	85	13	10
fliL	1517	2056	4304	3429	1078	1638	2575	7102	43	74	14	9
fliM	2067	2788	4174	4024	1136	2029	2839	7125	58	130	21	13
fliN	1564	2155	3440	3370	977	1833	1822	5353	37	95	29	8
fliO	1307	1623	2701	2524	922	1295	1463	3959	32	59	16	6
fliP	1425	1643	3374	2785	1308	1372	2294	3441	29	31	4	3
fliQ	180	239	462	437	170	199	262	578	2	7	0	0
fliR	331	371	1046	813	295	331	748	1176	6	8	2	6
fliS	4433	4701	3127	3109	3324	5133	1999	6142	73	167	35	20
fliT	5567	5691	3817	4052	4029	6036	2110	6711	68	180	34	28
fliX	238379	201085	153641	97347	207507	215893	76076	132205	407	242	131	105
fliZ	9674	9412	8505	6802	7027	9246	4956	13115	69	99	15	21
flk	250	307	529	428	207	386	331	887	4	3	0	0
flu	629	912	724	783	414	702	443	1266	14	14	4	1
flxA	30905	21203	44714	47630	30579	34188	26190	35180	68	16	11	17
fmt	2885	3411	2568	2768	2260	3252	1438	3330	42	44	5	8
fnr	606	885	1567	984	498	889	992	3224	34	17	11	8
fnrS	598934	485336	193815	207995	475076	727957	152932	240201	508	156	135	160
focA	2769	3475	6369	3742	2335	3466	2937	7051	37	22	15	6
focB	22	36	29	23	27	20	36	26	0	0	0	0
folA	101	112	177	124	70	117	129	204	3	3	1	0
folB	111	129	186	161	94	122	161	250	0	3	1	0
folC	257	371	571	512	196	362	412	965	7	9	1	1
folD	765	1079	1096	1123	735	962	545	1306	7	19	3	6
folE	318	446	530	431	216	394	339	863	5	6	3	3
folK	31	48	74	63	27	27	73	193	1	2	0	0
folM	40	52	134	101	38	52	101	238	0	0	1	0
folP	433	557	497	583	308	533	374	974	11	10	3	1
folX	485	742	1009	886	451	784	861	2268	11	5	1	4
fpr	387	463	312	321	277	385	208	593	3	8	0	2
frc	4	1	8	4	6	6	6	11	0	0	0	0
frdA	18867	26678	10365	13384	12494	21997	5363	19290	735	1167	312	249
frdB	3078	4368	1608	1838	2075	3803	872	3079	134	209	57	63
frdC	1252	1569	559	595	1010	1541	300	893	52	77	25	20
frdD	2401	2782	751	938	1919	2676	345	1157	102	102	33	29
fre	4826	4889	5131	6333	3811	4715	3076	5168	48	52	11	9
frlA	17	27	3	5	8	25	3	5	0	1	0	0
frlB	149	218	41	51	100	190	20	58	1	0	0	1
frlC	12	18	8	11	10	18	6	21	0	0	0	0
frlD	29	38	23	16	13	24	21	34	1	1	0	1
frlR	144	148	160	148	83	123	110	251	2	0	0	0
frmA	374	455	354	293	256	350	203	467	11	7	1	2
frmB	22	26	25	28	9	23	29	68	0	1	2	0
frmR	94	110	81	64	56	92	51	127	1	1	1	2
frr	193	316	359	297	129	283	304	869	10	16	6	11
frsA	431	491	436	444	311	451	261	738	10	15	2	4
fruA	534	615	362	394	305	481	217	542	8	6	3	1
fruB	194	304	287	271	116	212	172	473	5	3	1	1
fruK	180	253	170	192	98	195	117	316	2	4	2	0
frvA	2	0	0	0	0	3	0	1	0	0	0	1
frvB	15	17	17	11	11	12	17	25	0	0	0	1
frvR	19	22	17	22	23	26	25	37	0	0	2	0
frvX	34	43	41	27	30	39	20	47	0	1	2	0
frwB	38	43	23	26	28	31	17	28	1	0	0	0
frwC	68	51	54	57	47	51	26	41	1	2	0	0
frwD	15	6	7	3	15	13	6	13	0	1	0	0
fryA	31	42	28	28	23	48	28	72	0	0	0	0
fryB	2	2	1	1	2	3	2	6	0	0	0	0
fryC	4	15	16	4	9	10	10	14	0	0	0	0
fsaA	431	466	63	75	367	406	72	75	4	9	0	4
fsaB	164	202	79	79	125	204	36	107	2	11	1	9
fsr	261	236	196	158	164	222	154	221	2	2	1	0
ftnA	462	477	603	406	395	603	484	927	14	13	6	1
ftnB	351	429	108	123	223	344	79	186	4	10	4	1
ftp	219	258	436	383	172	249	296	524	5	7	1	0
ftsA	2570	3644	2424	2414	1871	3219	1471	3353	43	68	10	17
ftsB	217	275	514	386	164	273	328	704	5	1	2	1
ftsE	1503	1578	1368	1330	1169	1427	988	1930	14	11	2	6
ftsH	1305	1734	2096	1956	831	1591	1632	4620	88	89	22	26
ftsI	2998	2637	2749	3171	2286	2987	2459	2927	25	23	9	6
ftsK	2519	3365	3677	3295	1917	2737	2101	5037	56	59	26	12
ftsL	2446	2462	1855	2086	1615	2373	1332	2417	12	9	5	1
ftsN	485	724	831	625	354	609	399	1318	12	19	2	4
ftsO	1213	955	1034	1258	1018	1127	1077	1026	13	9	5	2
ftsP	805	1103	1032	966	500	864	568	1731	16	11	0	5
ftsQ	1475	2233	1489	1472	1024	1908	941	2009	21	43	8	7
ftsW	2086	2718	1875	1720	1736	2422	1055	2046	24	35	9	11
ftsX	1799	1851	1804	1856	1288	1491	1054	2025	14	10	3	4
ftsY	3738	3417	4755	5180	2834	3503	3035	5533	19	30	7	9
ftsZ	6964	8312	4934	4996	4742	7246	3624	5402	55	78	26	24
fucA	103	98	28	38	83	95	23	53	4	3	4	0
fucI	445	576	370	374	315	451	221	552	6	16	0	7
fucK	146	191	142	122	84	176	81	243	5	5	0	2
fucO	494	553	132	180	384	457	86	183	6	8	5	6
fucP	121	205	107	119	96	160	118	214	5	11	3	1
fucR	242	311	238	226	164	287	162	445	8	9	2	3
fucU	33	48	19	32	20	45	21	48	0	1	0	0
fumA	3161	4014	8026	8427	1898	2877	4697	13085	51	40	19	9
fumB	1117	1695	228	319	941	1948	153	434	91	108	34	31
fumC	1135	1340	835	1111	584	1060	696	1348	9	5	1	2
fumD	80	91	51	60	75	103	50	64	0	0	0	0
fumE	119	173	152	174	98	173	132	277	1	2	5	0
fur	551	771	1202	1002	417	755	833	2228	10	17	6	2
fusA	3118	4941	18543	17507	2337	4691	12393	46187	421	318	142	123
fxsA	649	484	1961	1439	562	553	1693	1825	3	0	2	0
gabD	883	1219	96	91	414	793	84	135	6	13	2	2
gabP	515	607	40	34	249	366	21	56	1	2	0	1
gabT	1300	1823	120	119	571	1138	79	165	6	10	1	10
gadA	12	22	10	13	8	19	8	12	0	2	0	0
gadB	26	37	6	15	11	35	5	22	2	5	2	0
gadC	24	27	12	10	13	32	6	15	0	0	1	0
gadE	39	55	14	10	41	48	15	27	0	0	0	0
gadF	1107	796	447	320	945	894	283	311	0	1	0	0
gadW	19	25	4	8	14	25	11	19	0	1	0	0
gadX	72	63	32	24	60	100	17	55	0	1	1	0
gadY	26943	19202	19413	13575	19757	24789	15035	17289	15	7	11	25
galE	317	776	369	309	276	591	234	759	15	21	4	5
galF	306	502	610	356	253	511	363	911	9	6	2	0
galK	570	971	646	644	432	818	347	1124	22	25	8	11
galM	370	612	429	417	288	483	333	1004	24	23	9	6
galP	123	223	113	126	108	235	95	205	2	4	2	1
galR	260	335	288	324	174	334	188	404	4	9	1	0
galS	135	201	168	176	105	125	104	269	3	3	0	0
galT	437	828	430	476	339	659	240	653	11	18	4	3
galU	594	756	755	758	458	786	626	1378	9	11	2	4
gam	70	7	2	0	5783	7491	16231	31658	62	6	19	22
gapA	2388	2936	2142	2106	1174	2277	1823	4075	161	160	60	57
gapC	464	819	487	487	379	759	338	1021	23	43	13	9
garD	6038	9872	2941	3899	5466	9001	1501	4017	153	220	67	56
garK	2114	2962	478	542	2194	3562	258	683	82	150	41	22
garL	2038	3520	1022	1222	2075	3621	470	1351	64	118	31	24
garP	15091	18548	8098	9677	15368	18779	3675	6511	76	174	34	42
garR	2933	4204	842	1131	2548	4424	392	1206	99	153	45	29
gatA	13384	20974	11917	10290	9411	18368	7283	24970	421	858	146	117
gatB	4416	6450	4291	3345	3854	6931	3105	8440	155	285	61	63
gatC	15758	18439	11973	11484	12449	16050	7951	15745	237	446	96	69
gatD	5951	7281	4310	3799	4608	5871	2459	5724	80	152	34	24
gatR_1	295	502	332	265	260	482	279	672	16	22	4	2
gatR_2	10	10	8	3	6	16	2	15	0	1	0	1
gatY	22973	33270	18053	21414	15551	26091	12508	29328	621	1209	250	149
gatZ	49096	70804	35161	36576	34176	55971	19897	59458	1171	2586	489	356
gcd	155	231	236	168	135	217	218	543	3	1	0	1
gcl	10	11	11	12	7	22	10	33	0	0	0	0
gcvA	169	214	257	251	150	218	271	489	0	4	2	0
gcvB	783215	816029	1220211	997652	628178	890595	618018	977551	1004	297	241	289
gcvH	7013	8848	5844	5681	4737	7171	3610	7937	81	106	35	27
gcvP	5245	9202	5410	5502	3341	7033	3283	10893	229	331	92	62
gcvR	251	352	273	242	142	244	183	489	9	7	3	5
gcvT	13548	15429	11937	11528	10971	12787	6554	11027	98	125	36	35
gdhA	1880	1727	1660	1391	1115	1384	1290	2155	14	10	0	1
gdx	90	108	122	85	75	92	78	154	1	4	2	0
gfcA	2	8	10	9	3	14	4	23	1	0	0	0
gfcB	6	15	16	6	20	21	19	33	0	0	0	0
gfcC	1	3	5	11	3	7	8	12	0	0	0	0
gfcD	10	6	26	20	7	16	24	60	0	0	0	0
gfcE	14	19	28	36	8	12	23	46	0	0	0	0
ggt	40	39	20	15	21	31	15	29	0	1	1	0
ghoS	46	32	17	11	42	45	23	39	1	0	0	0
ghoT	88	74	34	24	96	116	28	53	0	0	0	0
ghrA	1441	1594	1450	1403	1100	1393	901	1869	15	20	3	2
ghrB	286	343	332	295	179	255	227	638	7	5	2	0
ghxP	55	79	247	193	52	77	137	339	3	2	0	1
ghxQ	162	198	165	158	148	226	132	204	1	4	3	0
glaH	170	249	23	25	72	116	32	58	2	9	0	0
glaR	247	295	46	51	120	200	34	54	1	1	0	1
glcA	26	31	64	84	23	32	38	125	0	1	0	0
glcB	959	1504	1804	2567	691	1245	1353	3833	22	15	6	10
glcC	93	122	185	157	72	94	168	251	1	0	0	2
glcD	298	441	4043	5824	232	449	2612	6892	10	2	0	6
glcE	82	151	827	1345	73	141	688	1420	2	3	1	0
glcF	365	474	885	1210	302	426	616	1390	2	6	3	1
glcG	274	335	535	783	216	290	413	830	4	2	2	1
gldA	565	713	178	249	409	672	110	298	18	20	5	12
glf	1268	1744	3209	2541	1012	1549	2315	4659	8	13	5	0
glgA	2405	3414	718	794	1672	2815	520	1251	66	96	25	20
glgB	6375	7112	2392	2740	4352	6391	1512	3029	62	88	19	20
glgC	5761	6949	1490	1736	3690	5832	872	2042	110	170	36	34
glgP	2712	4153	799	865	1761	3673	513	1645	125	194	45	41
glgS	249	215	84	76	206	273	74	156	2	8	2	2
glgX	3129	3873	1210	1247	2185	3409	799	1671	53	90	23	14
glk	2126	2239	1773	1971	1536	1925	1049	1739	7	13	5	8
glmM	1887	2296	1890	1938	1369	2028	1263	3045	42	38	11	7
glmS	4189	6269	14802	12236	2707	6054	8861	30580	143	77	27	31
glmU	2687	3196	5117	4454	1601	2987	3306	9870	41	42	14	15
glmY	73	96	165	111	108	108	118	316	17	30	24	14
glmZ	19589	17853	50631	41102	16678	18850	44769	47850	85	18	15	21
glnA	5118	5519	7492	7408	3011	4356	4314	9435	72	61	20	14
glnB	45	63	90	107	50	84	59	153	0	3	2	2
glnD	345	554	431	447	235	445	261	652	5	9	2	1
glnE	1711	2216	1410	1700	1174	1645	930	1680	15	45	11	5
glnG	312	452	329	278	245	316	237	486	6	12	0	2
glnH	7760	8543	4752	4735	5696	8912	3320	6712	39	30	15	15
glnK	10	8	4	3	12	9	4	6	0	0	0	0
glnL	173	209	163	187	131	195	154	317	4	10	1	4
glnP	610	652	1128	1014	419	575	666	1478	9	4	1	2
glnQ	441	471	939	875	282	384	514	1376	12	6	3	2
glnS	524	725	1211	1064	421	620	911	2713	26	31	11	16
glnU	1416	1587	1139	3146	1958	1903	759	3156	1053	1424	873	676
glnV	2237	2411	1705	4261	2906	2720	982	4627	1032	1665	1116	413
glnW	1267	1519	1005	2963	1800	1673	728	3069	835	1200	860	657
glnX	2829	2880	1955	4922	3608	3148	1278	5632	1628	2080	1568	605
glnZ	139751	117248	112007	112208	101731	114407	36980	74549	84	32	27	44
gloA	1103	1071	1424	1151	978	1116	755	1469	8	8	6	2
gloB	1882	1711	2080	1717	1605	1859	1581	2188	5	2	1	2
gloC	704	841	1159	991	561	809	677	1802	16	17	6	7
glpA	28803	34083	17864	23491	20815	29764	9618	23464	630	1381	327	228
glpB	17950	21086	8560	11159	13864	19367	3680	10556	338	695	158	106
glpC	17881	22977	7479	8883	14528	20963	3157	9335	282	558	151	124
glpD	22115	26964	25282	28799	15599	23840	17541	44665	430	515	180	155
glpE	103	101	319	179	98	102	182	396	3	1	0	0
glpF	11776	10804	12210	11457	7980	8828	8517	14826	74	79	22	19
glpG	340	360	923	738	277	368	599	961	4	6	1	2
glpK	51237	61247	41548	44712	28701	43978	24638	62767	518	551	129	178
glpQ	14337	21515	12644	13087	9992	18522	6964	22474	359	617	136	135
glpR	154	240	501	350	111	187	360	874	6	5	0	0
glpT	61496	62793	46109	50570	49682	57948	27122	53590	478	750	206	145
glpX	26114	24380	26719	26129	19630	20495	12863	22303	71	52	14	25
glrK	161	196	201	132	148	175	115	247	1	9	3	1
glrR	107	173	134	104	59	107	110	207	3	4	1	0
glsA	14	23	7	10	18	16	9	22	2	2	0	1
glsB	90	99	175	135	55	80	165	264	2	0	0	0
gltA	14239	17065	7549	7599	8995	12947	4323	12194	165	213	54	60
gltB	2338	2930	3766	3245	1349	2281	2481	6792	32	34	5	8
gltD	588	848	822	866	345	569	442	1340	23	8	2	3
gltF	3	7	31	26	4	11	24	51	0	1	0	0
gltI	16321	11808	12263	9283	9497	10472	6332	12580	24	6	3	10
gltJ	974	979	1780	1273	826	861	755	1432	4	2	0	1
gltK	269	310	330	305	198	216	157	409	0	1	0	0
gltL	479	463	349	413	241	308	226	454	4	7	2	2
gltP	1050	1217	2034	1856	830	1118	1314	2652	13	10	3	4
gltS	290	308	228	293	218	247	150	264	2	4	2	1
gltT	561	560	460	2104	1090	782	4325	3481	1160	1047	1285	356
gltU	647	643	558	2359	1222	832	1997	2967	1386	729	1135	347
gltV	501	581	598	1801	814	913	1738	2798	772	686	797	239
gltW	364	377	507	2272	706	515	2555	4815	837	865	886	323
gltX	333	466	906	730	246	463	840	2011	18	7	6	3
gluQ	345	336	489	280	302	331	201	587	10	4	3	4
glvB	1	1	2	0	2	2	3	4	0	0	0	0
glvC	10	6	9	10	13	11	8	9	0	0	0	0
glvG	23	11	16	32	18	24	21	24	0	0	0	0
glxK	24	26	25	20	13	33	19	25	0	1	0	1
glxR	6	4	2	5	0	0	2	5	0	0	0	0
glyA	1087	1421	1856	1648	710	1322	1134	3581	35	49	18	14
glyQ	537	694	1254	897	432	582	893	2155	20	31	6	10
glyS	1118	1592	2570	2350	833	1347	1523	5147	62	46	15	19
glyT	1799	1807	2307	4280	2532	2095	2291	3910	1301	1079	1193	446
glyU	58	55	46	147	91	108	128	200	80	83	88	22
glyV	1066	1121	624	3302	2023	1559	1492	3360	1370	1473	1617	484
glyW	821	871	591	2318	1505	1325	1173	2596	1108	1081	1248	373
glyX	1272	1198	1142	3979	1982	2053	1556	3705	1505	2466	1418	468
glyY	945	886	787	2734	1334	1560	950	2431	925	1563	946	262
gmd	2	2	8	12	7	1	3	12	0	0	0	0
gmhA	259	280	224	212	168	210	217	377	9	3	2	2
gmhB	372	446	424	386	355	462	352	704	4	8	2	5
gmk	380	463	512	442	298	479	440	955	13	12	2	5
gmm	3	5	5	2	1	4	4	8	1	0	0	0
gnd	2350	3311	5626	5782	1524	2954	4384	11710	67	48	24	21
gndA	239	357	556	528	161	314	458	1473	13	2	0	7
gnsA	328	351	435	340	387	483	320	678	4	2	1	0
gnsB	1901	1628	3010	2171	1717	2003	3464	3364	4	1	0	1
gntK	42	73	48	32	39	57	33	76	3	1	0	0
gntP	470	419	297	334	377	465	258	395	5	0	1	0
gntR	2156	1896	1710	1442	2009	1993	1011	1575	8	11	6	5
gntT	49	30	52	50	24	37	38	108	1	1	1	1
gntU	991	946	1015	838	928	960	881	704	11	1	0	2
gor	605	873	806	868	472	734	527	1391	21	16	2	5
gph	168	222	285	283	107	208	242	540	1	8	2	2
gpmA	3995	4588	2192	2504	2632	3726	1633	3226	50	65	21	15
gpmM	2587	3116	1698	2138	1690	2768	1086	2683	82	61	19	14
gpp	831	1103	1614	1443	618	949	926	2386	30	15	7	14
gpr	2951	3965	1479	1896	2150	3408	771	1805	38	39	10	9
gpsA	4472	4843	5744	5468	3546	4162	3502	7283	59	52	14	17
gpt	148	173	252	243	149	186	264	348	1	0	1	1
grcA	17418	16259	14649	11847	12484	17490	8758	22047	149	78	65	37
greA	231	280	442	474	183	268	376	684	4	0	2	1
greB	303	256	304	353	175	262	261	422	4	1	0	0
groL	3967	3797	7508	7461	1560	2774	6911	11869	78	77	17	16
groS	905	920	2221	2045	379	646	1490	3139	20	16	4	2
grpE	402	431	873	795	256	319	845	1460	12	6	6	3
grxA	32	31	33	30	16	28	34	46	0	0	0	1
grxB	475	622	294	332	403	567	240	528	15	14	3	3
grxC	558	634	668	630	515	668	453	958	5	3	0	1
grxD	327	531	815	704	335	540	594	1885	12	4	7	1
gshA	2462	2962	2462	2462	1935	2763	1586	3226	41	42	17	18
gshB	1626	1889	1983	2014	1227	1677	1064	2167	6	18	5	3
gsiA	826	1073	532	636	527	765	302	771	13	24	3	5
gsiB	1321	1440	769	795	911	1137	511	792	5	10	3	2
gsiC	436	445	226	249	331	422	162	235	2	2	0	0
gsiD	488	536	378	329	430	421	245	305	0	0	0	0
gsk	295	327	845	566	314	389	516	953	6	10	3	0
gspA	23	18	42	30	18	25	24	39	0	0	0	0
gspB	27	26	42	46	23	26	32	36	1	0	0	0
gspC	2	2	2	0	0	1	1	2	0	0	0	0
gspD	45	46	46	48	33	54	53	87	1	0	0	0
gspE	7	6	17	20	5	15	7	46	0	1	0	0
gspF	5	14	18	29	8	11	12	29	0	2	0	0
gspG	2	4	9	3	4	7	2	19	0	0	0	0
gspH	0	3	5	4	4	2	3	11	0	0	0	0
gspI	2	5	4	1	0	3	3	7	0	0	0	0
gspJ	1	4	4	4	1	6	1	4	1	0	0	0
gspK	2	0	5	5	3	5	3	4	0	1	0	0
gspL	17	20	26	31	14	23	16	47	1	0	0	0
gspM	10	15	19	19	11	26	18	42	0	0	0	0
gspO	66	66	54	48	46	64	48	55	0	0	0	0
gss	303	496	309	307	208	405	196	696	10	13	6	1
gstA	136	197	114	143	76	168	82	288	5	9	4	0
gstB	258	323	136	147	156	249	145	255	1	6	0	0
guaA	528	784	1655	1397	467	784	1228	3595	31	31	10	14
guaB	249	366	977	779	233	433	746	1952	15	24	3	8
guaC	302	271	428	308	185	235	363	657	4	4	4	1
guaD	142	168	160	140	104	158	111	165	0	0	1	0
gudD	362	530	86	109	279	594	59	186	11	27	6	4
gudP	381	670	240	223	298	565	134	363	15	26	6	5
gudX	333	562	159	204	259	478	65	205	0	20	6	5
gutM	83	136	30	39	74	136	13	39	6	5	2	4
gutQ	1384	1655	876	1184	1022	1583	387	889	27	29	9	8
gyrA	1528	2133	3631	3126	1180	2223	2520	7456	55	74	32	26
gyrB	1526	2157	3028	2663	1151	2011	2106	5502	59	68	22	19
hcaB	32	44	34	38	19	22	22	53	1	0	0	0
hcaC	30	21	26	31	11	19	18	32	1	0	0	0
hcaD	36	56	40	47	9	31	28	66	0	3	1	1
hcaE	85	91	111	109	52	89	71	137	1	1	0	0
hcaF	53	44	51	49	20	41	36	70	1	0	0	0
hcaR	220	204	426	358	129	121	303	364	1	0	0	0
hcaT	523	409	727	486	472	417	462	573	0	1	1	2
hchA	187	341	40	23	133	290	39	83	3	5	1	2
hcp	70	114	45	28	41	81	19	51	7	6	0	0
hcr	65	94	31	33	37	74	20	50	2	3	2	2
hcxA	97	118	113	99	115	128	106	233	4	4	0	1
hcxB	1658	1721	1706	1783	1191	1464	1173	1761	4	6	3	4
hda	245	279	430	371	197	266	272	604	1	5	1	0
hdeA	43	52	11	18	38	70	16	21	0	0	0	0
hdeB	21	31	9	8	17	38	1	20	2	1	1	0
hdeD	92	110	29	27	83	118	14	37	0	2	0	0
hdfR	380	322	244	191	252	317	151	350	3	2	0	4
hdhA	350	494	323	227	244	437	262	373	3	3	1	1
helD	1438	1737	1458	1630	1148	1489	885	1804	19	20	2	4
hemA	582	852	1227	1026	454	845	757	2065	9	14	6	5
hemB	315	415	680	597	254	417	564	1091	13	7	4	2
hemC	1077	1552	1108	1242	734	1244	728	2163	35	60	13	6
hemD	1012	1281	857	941	709	1103	546	1539	24	38	5	12
hemE	326	505	387	413	236	394	308	747	6	14	8	4
hemF	427	530	728	639	344	535	482	1052	5	2	2	0
hemG	614	582	648	629	373	548	561	902	5	3	2	0
hemH	193	274	133	125	132	228	115	228	9	6	1	4
hemL	402	508	432	435	301	532	338	814	11	16	7	3
hemN	365	515	422	387	264	454	317	847	10	20	5	1
hemW	174	243	406	334	146	194	308	640	5	10	1	2
hemX	1299	1835	1104	1081	854	1647	750	1913	20	48	10	8
hemY	1401	1971	920	954	937	1659	538	1610	21	40	12	13
hflC	1456	2252	2442	2346	1227	2056	1741	4728	39	25	12	9
hflD	141	216	395	268	124	199	254	809	3	9	3	4
hflK	2868	4996	3548	3552	1859	4170	2617	8529	48	86	22	29
hflX	9880	10826	10440	10474	7647	10771	6945	13868	64	68	20	42
hfq	10998	9264	9282	7824	9638	9577	9126	8968	25	11	2	8
hha	89	112	244	153	118	168	259	372	1	1	1	0
hicA	4	7	6	7	5	7	7	15	0	0	0	0
hicB	69	87	54	59	57	72	56	74	0	0	0	0
higA	21	47	26	43	26	31	27	48	0	0	1	0
higB	3	5	2	8	7	10	8	10	0	0	0	0
hinT	378	545	329	337	240	417	276	528	9	8	4	2
hipA	154	183	92	130	79	170	80	203	2	0	1	0
hipB	27	27	21	12	6	13	18	35	0	0	0	0
hipH	153	148	150	138	74	145	116	203	6	6	0	1
hisA	169	153	111	147	91	137	96	157	0	7	1	0
hisB	384	510	357	352	223	376	233	580	10	14	1	2
hisC	229	340	256	267	194	269	154	434	2	9	0	5
hisD	554	784	792	853	369	619	366	1087	13	9	1	4
hisF	203	223	173	212	115	172	131	270	6	4	1	1
hisG	1025	1177	1469	1561	859	1174	971	1945	8	11	5	2
hisH	234	234	187	172	147	158	138	211	4	5	1	1
hisI	111	156	144	140	72	135	102	235	4	4	2	1
hisJ	1126	1034	1850	1637	689	928	1289	2191	7	1	3	0
hisL	75	80	164	134	64	87	175	221	0	0	2	1
hisM	198	237	499	450	153	201	299	537	0	0	0	0
hisP	97	116	163	165	53	72	126	339	1	1	0	0
hisQ	727	643	1560	1266	543	543	861	1359	2	0	1	0
hisR	1572	1362	1488	3105	2054	1861	2496	3262	944	1246	969	286
hisS	1480	2062	2342	1933	1220	1931	1360	3774	46	61	20	11
hiuH	20	13	25	23	25	25	24	27	0	1	0	0
hldE	708	1008	896	939	526	775	636	1076	13	11	2	9
hlyE	24	42	7	7	24	49	5	14	1	0	0	0
hmp	1325	1806	854	925	828	1368	589	1237	5	2	1	0
hns	2177	3134	3878	2843	1793	3363	3126	9247	39	22	16	10
hofB	115	144	90	110	76	125	72	204	4	2	0	0
hofC	25	24	22	26	10	23	15	40	0	1	0	0
hofM	334	330	697	864	351	374	491	489	4	1	0	0
hofN	26	23	30	26	22	15	21	40	1	0	0	1
hofO	27	31	35	27	29	38	25	39	0	1	0	0
hofP	11	25	20	39	21	11	21	37	0	1	0	0
hofQ	33	40	62	57	29	29	38	70	0	2	0	0
hokA	0	1	1	1	0	2	0	2	0	0	0	0
hokB	41	46	48	27	29	65	25	63	2	2	2	0
hokC	36	70	32	26	37	62	30	58	0	0	0	1
hokD	174	186	181	191	122	182	116	250	3	4	0	3
hokE	3	3	4	1	3	1	3	9	0	0	0	0
holA	186	306	410	308	126	255	272	743	5	16	1	7
holB	201	302	324	296	138	247	199	554	5	4	4	3
holC	68	103	108	91	47	107	91	276	5	2	0	3
holD	43	57	120	72	24	61	86	214	3	1	1	3
holE	14	19	29	26	6	22	14	54	0	0	0	0
hpf	466	676	632	516	325	593	411	1282	15	16	8	5
hprR	40	81	83	73	58	71	62	106	0	0	0	1
hprS	69	87	152	111	67	85	90	182	1	0	0	0
hpt	416	449	799	695	314	489	544	995	3	5	2	0
hrpA	1663	2452	2310	2454	1155	2064	1919	4375	28	39	16	12
hrpB	467	576	466	506	369	567	306	679	9	19	6	6
hscA	267	353	859	712	162	376	586	1613	8	16	2	3
hscB	68	97	250	217	76	97	174	506	3	4	1	3
hscC	79	147	153	157	68	153	80	237	0	4	0	0
hsdM	1607	1895	2472	2144	1642	2158	1536	2861	19	24	10	8
hsdR	5642	8787	4673	5614	3974	7058	2692	8046	148	196	51	50
hsdS	378	554	1012	909	369	525	675	1405	4	4	0	1
hslJ	7	8	12	10	7	6	14	29	0	0	0	0
hslO	79	118	203	183	50	86	205	326	4	3	0	0
hslR	104	135	226	243	95	118	182	311	0	1	0	0
hslU	861	1002	2638	2121	391	770	2231	5413	32	14	5	4
hslV	473	548	1311	1095	266	421	1271	2034	9	3	3	3
hspQ	23	28	37	30	16	32	51	74	2	1	1	1
hsrA	1244	1293	921	939	1041	1249	615	1286	14	16	7	3
htpG	674	686	1537	1445	268	405	1534	2967	22	14	2	6
htpX	628	653	1277	992	642	720	1711	2379	14	5	4	4
htrE	7	4	8	7	3	13	9	13	1	0	0	0
htrL	1083	1122	2680	1583	1213	1377	1917	2777	6	0	0	1
hupA	507	615	412	411	401	540	490	882	22	16	8	2
hupB	63401	57193	62247	66081	48923	62384	41825	70599	226	107	37	79
hxpA	1116	1345	774	887	730	1081	457	1031	11	12	3	5
hxpB	192	188	349	283	173	243	321	539	4	2	0	0
hyaA	8	22	2	3	9	19	2	7	3	1	1	0
hyaB	12	23	9	5	11	28	2	8	3	1	0	1
hyaC	7	17	7	2	5	12	6	10	0	0	1	0
hyaD	13	20	14	13	9	15	11	23	1	1	0	0
hyaE	7	15	7	8	7	16	7	8	1	1	0	0
hyaF	17	25	15	14	3	10	11	19	1	1	1	0
hybA	1357	2059	437	578	1087	2129	172	625	83	126	26	34
hybB	937	1341	279	326	954	1660	102	424	61	119	24	25
hybC	710	1196	247	284	719	1403	177	578	71	125	28	27
hybD	129	193	66	76	124	219	53	117	15	16	12	5
hybE	133	182	76	87	110	212	50	106	14	23	8	5
hybF	70	119	38	56	61	108	33	74	11	17	5	2
hybG	7	19	8	6	11	28	6	21	2	2	0	0
hybO	2049	3250	714	924	1747	3121	414	1275	84	150	44	24
hycA	7	7	11	13	10	15	11	15	0	0	0	0
hycB	12	6	14	16	13	9	10	7	1	0	0	0
hycC	24	19	15	29	25	24	15	25	1	0	0	0
hycD	9	21	21	12	14	14	16	25	0	0	0	0
hycE	33	24	42	53	21	42	19	66	1	0	0	0
hycF	5	7	9	9	6	4	6	14	0	0	0	0
hycG	19	25	25	27	11	12	15	24	0	0	0	0
hycH	14	13	14	12	6	11	7	19	0	0	1	0
hycI	61	62	42	49	42	69	31	71	1	2	0	0
hydN	18	21	17	13	12	18	5	24	1	0	0	0
hyfA	0	1	1	1	1	3	4	4	0	0	0	0
hyfB	69	69	80	81	48	52	46	45	1	2	0	0
hyfC	2	4	4	4	3	2	5	3	0	0	0	0
hyfD	8	9	8	12	1	6	6	10	0	1	0	0
hyfE	4	6	3	3	3	3	2	3	0	0	0	0
hyfF	55	81	51	65	36	64	43	76	0	1	3	1
hyfG	56	65	41	43	38	55	19	66	1	5	0	0
hyfH	6	15	9	12	2	8	8	12	0	0	0	0
hyfI	34	37	23	34	19	19	14	33	1	3	0	0
hyfJ	32	36	26	44	38	32	18	34	0	1	0	0
hyfR	27	46	46	64	32	40	38	46	0	0	0	0
hyi	0	3	4	2	2	6	1	9	0	0	0	0
hypA	226	251	128	149	167	205	68	213	9	11	4	0
hypB	1864	2827	705	1064	1192	2101	391	1262	55	91	19	25
hypC	387	700	140	215	304	576	75	312	22	33	6	8
hypD	2193	2977	717	994	1630	2776	276	1027	63	102	30	21
hypD_AS	900	850	683	562	799	851	460	741	6	13	2	3
hypE	3553	4208	1011	1562	3247	4582	423	1259	57	99	22	31
hypF	322	362	141	136	201	318	88	188	7	8	2	3
hypT	76	99	118	99	70	65	58	154	2	3	1	0
hyuA	63	99	32	18	120	129	23	29	3	5	2	1
iaaA	519	624	418	486	341	517	268	544	10	7	1	0
iadA	64	81	109	106	39	73	94	250	6	4	2	0
iap	147	174	214	157	111	201	161	234	2	1	1	0
ibaG	85	89	171	113	86	126	128	335	1	1	0	1
ibpA	62	44	238	131	39	50	305	333	0	1	0	0
ibpB	3074	1998	2449	1258	2292	3055	2852	1744	0	0	1	1
ibsA	2	4	1	4	1	3	1	1	0	0	0	0
ibsB	5	5	2	2	0	6	5	1	0	0	0	0
ibsC	2	1	2	0	1	0	1	0	0	0	0	0
ibsD	2	4	4	1	3	9	5	3	0	0	0	0
ibsE	1	1	0	1	2	2	0	0	0	0	1	0
icd	15502	20027	20833	19106	10381	16002	12035	35466	291	236	101	99
icdC	2	4	3	4	1	4	6	14	0	0	0	0
iclR	468	557	1375	1101	371	611	756	2063	14	16	3	9
idi	94	121	125	76	81	119	64	166	3	2	3	2
idlP	2	1	3	2	3	1	2	7	0	1	0	0
idnD	190	221	57	87	134	192	46	103	0	2	1	0
idnK	65	43	22	43	41	56	30	33	0	0	0	0
idnO	942	694	329	225	1051	879	115	320	2	2	0	2
idnR	43	50	72	51	47	54	59	100	1	1	0	0
idnT	129	126	91	78	84	127	68	105	2	1	0	1
igaA	305	340	571	529	226	348	453	956	11	13	4	6
ihfA	970	1178	739	915	849	1310	690	1772	32	28	15	7
ihfB	205	307	338	222	201	362	296	768	7	7	0	2
ileS	2575	4049	4736	4559	1502	3290	3165	9335	102	125	29	31
ileT	211	230	375	600	303	292	412	885	146	234	172	52
ileU	169	179	272	522	234	188	322	738	114	221	131	50
ileV	198	215	374	804	227	267	468	1232	164	187	205	63
ileX	3	1	6	2	2	1	9	8	1	3	4	0
ileY	0	0	0	0	0	0	0	1	0	0	0	0
ilvA	588	699	429	505	410	583	225	564	7	12	0	1
ilvB	7217	5544	30080	21626	6434	6463	22208	22586	19	12	1	8
ilvC	334	474	726	849	208	392	558	1536	7	8	1	1
ilvD	872	1103	742	755	483	880	432	1183	13	9	5	2
ilvE	1130	1280	1036	1061	747	918	621	1423	9	7	3	3
ilvG	275	335	835	613	182	292	590	1400	6	4	4	0
ilvH	103	114	106	99	66	113	77	88	1	1	0	0
ilvI	154	190	152	186	87	214	111	247	3	6	0	0
ilvL	65	83	176	157	59	72	248	260	0	0	4	0
ilvM	1414	1241	1445	1171	1040	1041	763	1246	4	2	0	0
ilvN	131	172	565	462	142	180	252	758	4	1	1	1
ilvX	85	65	199	161	70	87	336	269	1	0	1	0
ilvY	320	386	305	385	238	318	187	405	9	8	1	3
inaA	321	458	352	317	246	399	226	484	4	12	4	1
infA	310	442	516	323	259	430	414	1244	7	5	9	7
infB	6295	8711	20750	23917	5166	9618	13162	37929	205	170	41	40
infC	4730	5407	10474	9250	4146	5425	8076	14251	100	82	45	35
insA1	170	218	277	245	130	152	266	333	2	2	0	0
insA2	195	234	324	275	171	192	220	367	0	1	0	0
insA3	179	202	318	255	135	197	294	363	0	0	0	2
insA4	283	349	530	516	245	316	624	556	0	1	1	0
insA5	153	226	304	280	125	178	237	360	0	0	0	1
insA6	320	412	532	467	257	367	554	583	1	1	0	0
insA7	274	330	571	501	224	305	505	617	4	2	1	0
insA9	148	203	281	269	115	181	241	365	2	0	0	1
insAB1	254	354	464	363	206	248	359	558	2	3	0	0
insAB2	327	397	538	482	294	333	352	628	0	1	0	0
insAB3	330	392	582	474	232	348	429	665	1	1	1	2
insAB4	450	556	840	803	363	503	789	914	2	2	1	1
insAB5	243	352	488	405	215	282	345	594	0	0	1	1
insAB6	465	644	839	744	381	533	713	929	4	5	1	0
insB1	106	169	233	151	92	136	137	313	1	2	0	0
insB2	173	223	301	254	157	197	174	379	0	0	0	0
insB3	187	244	339	272	115	199	200	431	1	1	1	0
insB4	189	246	372	333	146	219	212	455	2	1	0	1
insB5	102	165	242	168	105	131	144	336	0	0	1	0
insB6	168	285	396	309	154	222	216	462	4	4	1	0
insB7	245	273	586	472	153	236	306	644	4	5	1	0
insB9	94	102	218	177	62	130	121	298	3	1	0	1
insC1	30	68	52	42	44	39	38	88	1	1	0	0
insC2	29	32	24	41	23	38	36	75	2	0	1	0
insC3	35	38	31	37	19	35	33	46	3	1	0	0
insC4	23	52	30	43	24	33	26	44	2	0	1	0
insC5	41	62	56	59	35	37	45	66	2	3	0	0
insC6	46	42	37	68	32	55	38	67	0	1	0	0
insCD1	122	234	178	146	98	133	99	260	3	1	0	2
insCD2	114	181	103	114	62	124	84	214	3	1	2	0
insCD3	104	162	122	118	67	138	88	206	7	6	0	2
insCD4	86	183	105	118	83	122	71	186	3	7	1	0
insCD5	108	194	153	160	82	127	89	253	8	7	0	0
insCD6	135	162	134	148	85	153	82	225	3	4	0	0
insD1	98	183	140	113	62	96	70	191	2	0	0	2
insD2	89	158	81	76	43	94	53	159	1	1	1	0
insD3	75	134	95	83	52	116	60	170	6	5	0	2
insD4	69	141	83	78	64	95	48	152	3	7	0	0
insD5	72	144	105	111	51	94	51	201	6	4	0	0
insD6	96	125	104	89	62	110	53	172	3	3	0	0
insD7	56	75	67	63	29	64	25	98	0	0	0	1
insE1	9	20	17	13	11	20	6	30	0	0	1	0
insE2	12	10	11	15	15	18	13	42	0	1	0	0
insE3	15	27	22	16	4	15	14	38	0	0	0	0
insE4	20	12	21	13	6	15	11	23	0	0	0	0
insE5	10	19	11	14	3	30	11	35	0	1	0	1
insEF1	47	46	63	56	31	66	26	114	1	0	2	0
insEF2	45	48	51	41	43	46	30	115	0	1	0	1
insEF3	47	71	70	50	38	60	50	110	0	0	0	0
insEF4	51	57	53	36	23	48	30	91	1	2	0	1
insEF5	70	56	57	69	30	82	38	100	0	1	0	2
insF1	41	32	52	44	22	53	21	92	1	0	1	0
insF2	40	40	45	30	33	32	23	84	0	0	0	1
insF3	37	48	55	41	35	49	38	81	0	0	0	0
insF4	36	47	38	26	19	37	21	72	1	2	0	1
insF5	62	44	49	59	29	58	31	73	0	0	0	1
insG	63	55	69	49	35	60	63	91	2	3	0	0
insH1	908	1351	1541	1546	561	1047	967	2798	21	24	7	6
insH10	949	1419	1673	1443	610	1079	941	2957	21	20	3	5
insH11	827	1275	1485	1416	575	1017	861	2851	14	26	6	6
insH2	924	1416	1649	1607	627	1211	941	3329	28	15	8	7
insH21	1330	1919	2287	2370	798	1639	1468	4217	27	43	9	3
insH3	906	1348	1798	1423	603	1159	978	3466	21	29	13	8
insH4	1304	2020	2292	2344	827	1694	1407	4049	26	39	13	8
insH5	126	148	155	144	77	151	104	336	2	1	0	0
insH6	868	1172	1402	1410	524	1017	820	2541	26	22	7	6
insH7	924	1420	1698	1630	686	1090	990	3216	25	29	5	2
insH8	964	1378	1632	1569	648	1120	975	3053	18	25	6	5
insH9	1322	1940	2240	2319	784	1583	1435	4042	23	26	10	9
insI1	442	665	597	522	342	581	415	903	8	4	1	0
insI2	119	128	140	194	106	134	113	117	0	1	0	0
insI3	393	527	530	500	291	473	358	758	6	3	1	0
insJ	23	21	38	36	22	36	50	120	0	0	0	2
insJK	26	27	51	49	34	49	73	182	1	0	1	2
insK	4	8	15	13	13	15	23	65	1	0	1	0
insL1	172	261	545	504	121	214	437	819	5	8	1	2
insL2	197	260	556	437	71	193	365	720	4	7	1	1
insL3	151	237	500	463	101	131	349	731	6	3	0	0
insM	7	7	6	8	2	5	7	9	0	0	0	0
insN1	136	127	195	191	115	148	150	171	0	0	1	0
insN2	22	22	27	25	21	29	16	41	0	0	0	0
insO1	143	250	182	134	126	223	103	266	1	3	1	0
insO2	5	6	4	10	8	4	2	10	0	0	0	0
insQ	471	375	352	303	342	414	439	378	1	1	2	3
insX	399	398	486	482	332	419	392	524	2	0	0	0
insZ	19	39	25	25	10	30	20	58	0	0	0	0
int	48	4	2	5	1850	3269	7154	17868	40	5	21	3
intA	106	180	132	145	86	148	108	289	3	7	3	0
intB	484	456	343	359	386	612	276	455	0	3	0	0
intD	126	178	181	182	80	169	115	328	3	1	0	0
intE	18	36	65	53	26	45	33	76	0	0	0	0
intF	131	159	345	261	101	157	317	575	1	1	0	0
intG	1	4	5	2	0	6	8	11	0	0	0	0
intQ	11	21	9	7	4	15	8	13	0	0	0	0
intR	39	62	99	52	37	66	83	122	0	0	0	0
intS	25	27	66	35	31	30	54	89	1	0	0	0
intZ	1720	1341	1959	1468	1679	1347	1123	1975	7	4	2	1
ipeX	3877	3403	7562	4221	3320	3254	6878	4742	6	7	0	0
iprA	0	3	0	0	0	2	3	1	0	0	0	0
iraD	5	4	6	5	2	7	7	11	0	1	0	0
iraM	0	0	2	0	1	0	3	6	0	0	0	0
iraP	565	495	512	435	406	584	414	569	3	3	0	0
iroK	39	27	63	34	23	22	52	53	0	0	0	0
iscA	168	243	431	385	137	210	337	933	5	0	2	0
iscR	647	864	1548	1186	629	876	955	2318	13	13	5	4
iscS	517	739	1871	1523	410	722	1486	4010	23	18	2	9
iscU	119	178	406	295	99	185	409	1074	1	6	1	1
iscX	95	106	199	185	54	96	140	443	1	6	0	0
ispA	1269	1638	1837	1584	1075	1469	1038	2471	24	37	5	9
ispB	517	635	654	668	304	506	531	1125	23	15	3	5
ispD	180	215	412	280	126	194	291	672	8	4	1	3
ispE	228	238	373	378	129	239	264	638	9	8	9	2
ispF	78	132	191	167	51	113	161	424	4	2	0	1
ispG	1359	2022	2181	2109	1055	1780	1224	3707	55	52	19	13
ispH	570	795	1442	1404	329	623	848	2205	25	16	6	6
ispU	411	551	531	452	337	502	373	899	11	15	9	3
ispZ	3677	3612	3196	2060	3736	4409	1764	3401	5	5	3	0
isrC	17	22	37	29	18	30	39	61	1	0	0	0
istR-1	2	1	8	1	2	6	4	11	1	0	0	0
istR-2	4	1	13	5	2	7	5	18	1	0	0	0
ivbL	5623	5640	26809	18406	6166	6183	13190	19224	27	4	8	5
ivy	469	564	391	336	411	635	379	524	5	1	1	1
jayE	4	6	5	9	2	5	3	7	0	0	0	0
katE	300	563	110	103	211	414	92	238	7	11	4	3
katG	7860	9682	2405	2895	4586	7586	1452	4346	219	235	66	83
kbaY	9	7	2	5	1	5	4	9	0	0	0	0
kbaZ	60	88	48	55	47	52	22	92	0	3	1	0
kbl	16818	17601	8713	10476	11549	14497	4767	10858	83	91	26	31
kbp	263	428	55	62	184	383	56	126	5	4	1	3
kch	308	338	345	251	284	343	277	403	1	0	0	0
kdgK	1425	1155	836	890	877	1130	561	1116	15	15	6	4
kdgR	483	592	474	502	341	528	343	679	8	11	1	4
kdgT	77	69	120	111	49	58	117	90	1	0	0	1
kdpA	11	11	41	37	6	7	18	38	0	0	0	0
kdpB	36	44	56	55	19	25	46	80	0	1	0	0
kdpC	11	23	30	19	13	16	23	44	1	0	0	0
kdpD	459	543	584	526	292	449	370	639	4	3	0	0
kdpE	683	664	1008	878	481	615	588	732	1	4	1	3
kdpF	1	1	3	5	2	1	0	2	0	0	0	0
kdsA	421	572	639	567	306	529	449	1115	7	9	0	4
kdsB	966	1184	1088	1209	675	1065	712	1968	15	19	5	5
kdsC	383	581	531	439	288	556	302	999	9	18	5	0
kdsD	534	685	536	516	392	703	385	924	8	15	11	5
kduD	172	200	186	157	130	189	127	178	2	1	2	0
kduI	58	87	65	55	45	87	38	100	5	1	0	0
kefB	757	659	831	987	511	616	587	800	7	0	1	1
kefC	160	217	108	96	110	163	88	126	2	1	1	0
kefF	52	50	36	24	34	49	43	41	0	0	0	0
kefG	252	232	336	327	202	245	262	383	3	0	0	1
kgtP	10051	9891	18880	13776	9140	10009	12700	20121	61	42	13	6
kil	28	1	1	0	883	1311	3143	8225	17	2	3	2
kilR	0	0	1	2	3	1	2	3	0	0	0	0
kilS	32	37	47	23	28	32	30	38	0	0	0	0
kptA	365	411	577	602	340	463	422	586	2	2	1	0
kup	336	375	776	600	328	405	504	827	4	2	1	1
lacA	508	408	132	126	316	368	85	141	0	1	0	0
lacI	75	92	98	94	41	75	85	168	3	1	2	2
lacY	670	528	181	144	427	410	144	167	0	1	0	0
lacZ	669	699	219	237	363	511	135	342	10	9	3	7
lafU	7	4	11	19	8	10	8	16	0	0	0	2
lamB	25845	59389	5940	5226	22821	51606	3376	6951	659	839	232	246
lambdap32	68	5	5	5	2783	4896	10458	25661	61	7	27	6
lambdap35	22	1	2	1	789	1653	3355	8017	22	0	6	5
lambdap48	2	1	1	0	99	129	71	111	0	0	1	0
lambdap60	1	0	0	0	179	338	122	330	1	0	1	0
lambdap72	1	1	0	0	4152	3937	4724	5558	6	0	13	6
lambdap78	0	1	0	1	3	2	3	5	0	0	1	0
lambdap79	18	3	1	4	1531	2208	1022	2492	12	0	16	4
lapA	537	659	682	620	533	686	524	706	2	3	1	0
lapB	993	1222	1711	1807	772	1240	873	1983	13	15	7	8
lapC	322	429	831	543	191	310	485	1265	13	13	4	1
ldcA	999	1009	1737	1337	955	932	993	1527	8	2	1	0
ldcC	749	960	333	281	518	941	250	381	7	6	4	3
ldhA	116	155	78	83	70	131	89	165	5	4	5	1
ldrA	18	23	13	12	11	25	12	19	0	0	0	2
ldrB	10	15	20	8	12	10	18	9	0	0	0	0
ldrC	7	16	6	18	6	15	12	15	1	0	0	1
ldrD	15	14	9	11	12	8	6	18	0	0	0	0
ldtA	297	430	161	102	220	358	99	228	3	5	3	0
ldtB	84	121	154	124	86	105	133	297	2	3	1	0
ldtC	27	21	52	47	23	49	86	151	5	0	0	0
ldtD	302	505	185	206	169	430	169	409	19	27	5	2
ldtE	156	205	53	35	109	184	26	92	5	9	2	3
lepA	343	464	810	622	239	463	639	1761	13	33	7	4
lepB	403	516	1109	1079	322	493	744	1538	7	6	4	0
letA	719	766	876	789	665	730	651	959	5	5	3	0
letB	315	476	517	466	273	413	306	809	12	17	5	2
leuA	131	140	153	129	83	123	94	238	0	0	1	1
leuB	115	127	146	124	94	129	74	181	3	3	1	0
leuC	107	166	112	129	95	131	105	190	3	0	1	2
leuD	57	35	42	56	30	49	25	74	0	0	1	0
leuE	420	403	675	461	415	423	348	522	3	0	0	0
leuL	1	3	8	0	3	3	3	16	0	0	0	0
leuO	60	57	48	43	49	58	30	58	0	0	0	1
leuP	1437	2391	1315	3200	2829	2103	1431	4667	1535	2263	2292	642
leuQ	809	1166	878	2128	1567	1194	1147	2715	1171	1716	1362	436
leuS	1050	1699	1891	1596	768	1443	1210	3736	79	70	16	18
leuT	1385	2160	1002	3395	2265	1904	2850	4363	1084	1635	1767	402
leuU	76	88	80	163	139	122	244	349	67	84	100	47
leuV	180	233	634	359	362	255	182	859	306	369	457	101
leuW	179	211	241	365	262	205	314	801	183	219	215	82
leuX	4505	4732	4964	11776	10707	6214	7576	15027	5471	6861	7296	1925
leuZ	3115	3100	3941	5404	5164	4034	3467	7826	1532	1332	2039	643
lexA	3815	4877	7088	7616	3167	5374	4547	11393	59	47	17	18
lfhA	16	28	8	19	6	22	9	18	0	0	0	1
lgoD	156	181	155	134	137	160	92	251	1	1	0	0
lgoR	69	69	198	209	39	72	155	344	1	2	1	1
lgoT	124	117	280	216	77	86	128	279	2	1	0	0
lgt	1030	1176	1499	1041	892	1093	838	1405	8	11	3	5
lhgD	440	585	75	74	201	335	49	84	2	7	1	0
lhr	614	677	681	874	467	630	501	900	6	7	2	3
ligA	910	917	1062	1155	646	951	717	1289	8	6	1	4
ligB	167	178	158	180	132	155	93	148	1	1	0	0
lipA	387	678	951	601	296	594	601	2062	26	11	6	8
lipB	69	89	157	135	65	84	99	191	0	2	1	0
lit	71	83	163	125	75	106	137	259	0	0	1	0
livF	42	54	59	111	30	32	61	92	0	0	0	0
livG	34	43	59	68	22	32	37	78	1	0	0	0
livH	37	45	107	89	26	30	78	140	0	1	0	0
livJ	73	95	120	99	58	82	120	317	2	0	0	0
livK	31	36	174	129	26	37	159	243	0	0	0	0
livM	63	83	105	114	44	41	96	104	0	0	0	1
lldD	6802	6711	957	772	3394	4042	557	894	15	33	15	10
lldP	2381	2136	1362	788	1432	1784	947	1453	7	7	2	5
lldR	554	602	279	172	235	340	163	388	3	8	3	0
lnt	7743	6549	14105	11284	7015	6768	9642	11055	16	11	10	8
loiP	960	1439	592	628	743	1393	448	1022	10	10	6	5
lolA	493	818	712	661	323	615	371	1362	17	29	4	8
lolB	162	190	152	169	91	160	117	320	8	7	2	1
lolC	175	211	423	347	116	208	283	732	8	7	3	0
lolD	250	321	504	483	206	271	343	738	10	5	4	1
lolE	812	943	1168	916	861	988	987	1534	12	17	2	1
lom	3	0	1	0	4351	6071	1337	2857	8	1	215	72
lomR_1	10	2	5	17	7	9	11	17	0	0	0	0
lomR_2	2	2	6	3	3	3	1	6	0	1	0	0
lon	616	895	1905	1701	427	789	1550	3617	39	45	7	15
lpd	3676	5181	9510	9350	2021	3418	6728	21480	128	139	44	51
lplA	292	350	284	296	213	309	175	389	6	5	1	2
lplT	224	247	149	162	198	223	106	200	1	5	3	0
lpoA	652	888	754	724	444	703	513	1284	18	30	8	3
lpoB	596	851	406	431	357	595	241	593	13	16	5	2
lpp	5452	7153	6004	5383	3449	7385	4859	13904	299	273	193	109
preS	46	9	7	5	61962	57023	41945	51976	52	0	9	4
lpr2	3	0	2	0	178	190	99	269	0	0	34	10
lptA	1341	1656	1676	1459	988	1532	1104	2897	14	31	4	5
lptB	2137	2578	2131	2185	1467	2297	1384	4051	35	59	8	5
lptC	455	720	727	554	307	710	531	1487	16	26	2	7
lptD	1186	1914	1519	1135	793	1579	1020	3277	37	72	13	13
lptE	148	279	357	258	107	247	234	804	17	20	4	2
lptF	1093	1132	1380	1236	773	1017	804	1340	13	17	1	3
lptG	269	393	365	334	213	312	283	674	11	13	1	3
lptM	482	602	552	613	355	484	424	851	6	13	2	1
lpxA	1954	2314	2530	2380	1514	1989	1555	2869	29	19	4	6
lpxB	421	609	749	589	316	498	463	1322	6	14	8	3
lpxC	2103	3201	2598	2334	1583	2935	2045	5520	75	84	37	32
lpxD	1522	2190	3549	3402	1089	1891	2249	5835	42	49	20	6
lpxH	327	310	550	423	271	269	395	588	2	1	3	0
lpxK	277	349	743	675	218	380	488	1053	5	7	6	2
lpxL	101	130	140	148	87	141	109	294	0	8	6	0
lpxM	625	623	1411	1178	560	596	1195	1774	6	3	1	0
lpxP	538	905	1102	1087	539	841	576	1305	14	12	6	3
lpxT	388	340	548	395	330	413	404	481	0	1	0	0
lrhA	886	989	784	932	697	1033	469	1150	12	9	1	2
lrp	3947	3886	4207	3349	2566	3286	2058	5082	22	21	6	7
lspA	700	919	1265	1398	579	786	686	1801	17	16	6	1
lsrA	150	194	78	80	67	134	37	116	3	2	0	0
lsrB	164	202	39	38	86	171	23	54	0	1	0	0
lsrC	112	138	55	70	74	105	22	43	0	1	2	0
lsrD	80	93	30	39	61	91	16	39	1	1	1	0
lsrF	139	158	23	32	88	152	16	39	1	2	1	0
lsrG	82	113	21	22	62	92	15	45	2	2	0	0
lsrK	353	500	250	239	294	381	124	290	8	2	1	0
lsrR	219	239	273	296	166	251	158	267	4	4	1	0
ltaE	294	446	236	204	197	301	151	376	8	7	1	1
luxS	831	1029	599	665	586	915	453	1153	11	19	1	4
lysA	35	34	346	342	25	37	291	429	2	0	1	0
lysC	195	182	279	344	134	198	162	358	5	5	1	0
lysO	137	162	370	240	97	135	306	274	0	1	0	0
lysP	284	343	794	681	214	323	639	1128	4	2	1	6
lysQ	56	53	131	326	67	90	224	2440	902	881	43	520
lysR	493	509	470	486	402	487	317	496	7	3	0	0
lysS	2012	2684	6773	5894	1555	2561	4464	10889	78	41	9	13
lysT	96	140	318	566	110	156	428	619	62	92	48	17
lysU	1312	1976	942	893	988	1780	799	2024	108	122	42	55
lysV	98	80	279	637	138	125	522	453	87	156	100	45
lysW	102	131	243	528	151	137	304	567	74	129	80	41
lysY	94	91	146	379	83	130	158	389	63	80	83	19
lysZ	102	119	196	367	94	126	291	2593	913	905	39	525
lyxK	28	29	19	21	11	21	17	28	2	3	1	0
maa	207	220	446	291	194	236	287	510	4	0	0	0
macA	252	272	156	198	213	268	121	290	7	12	0	3
macB	1004	993	932	1044	774	976	602	754	8	11	1	2
maeA	3215	3990	8222	8138	3170	4121	5194	11747	32	16	7	7
maeB	4163	5648	4609	4450	2466	3568	2796	7264	79	85	24	13
mak	670	701	356	415	447	676	246	412	3	2	1	2
malE	16093	35419	5587	5109	13097	29738	2926	7296	446	601	194	182
malF	9367	19138	2059	1823	8512	15869	986	2211	179	312	53	59
malG	9417	16340	1440	1342	8500	14666	825	1323	97	114	28	31
malG_3'	11212	15940	1931	985	8934	19835	753	1594	27	12	12	7
malH	11192	15899	1925	982	8910	19779	752	1593	27	12	12	7
malI	379	525	576	653	320	398	291	554	1	5	1	2
malK	17912	34252	5940	5476	15751	28666	2910	5466	268	466	93	95
malM	13512	22557	2621	2038	11772	20103	1903	2334	65	124	34	28
malM_3'	9759	13354	2045	1513	7686	14415	1479	1799	13	17	24	8
malP	5569	10695	2317	2373	3812	8072	1139	3045	237	420	75	80
malQ	3263	6104	850	916	2414	4706	403	1154	138	215	66	45
malS	664	1422	313	330	474	1017	147	408	12	32	4	6
malT	9333	12664	8118	10276	6077	10104	4466	12394	192	347	100	84
malX	77	127	131	122	70	96	86	232	1	4	1	0
malY	202	235	245	231	144	187	147	331	1	3	0	0
malZ	1436	2213	1533	1453	1173	1683	1168	1702	10	10	0	1
manA	1331	1341	1618	1675	1290	1559	1087	1856	11	13	4	1
manX	2502	4315	1063	1364	1823	4140	617	2172	140	185	69	76
manY	1567	2800	657	794	1068	2779	350	1303	121	130	41	40
manZ	3071	4489	1054	1110	2376	4417	577	1492	133	150	58	61
maoP	236	160	493	523	170	248	729	950	5	1	0	0
map	181	279	468	390	139	239	337	982	7	10	3	0
marA	2133	2098	4075	4578	1715	2303	3486	4761	12	2	0	2
marB	580	574	1186	1034	543	632	1044	1598	1	0	0	0
marC	317	350	288	296	338	377	212	348	2	0	0	1
marR	464	451	793	633	368	516	551	1119	0	3	0	0
matA	2	0	0	0	0	0	0	2	0	0	0	0
matP	308	381	261	336	213	331	180	417	6	8	5	1
mazE	560	653	508	502	445	737	252	725	9	13	0	1
mazF	843	982	775	679	765	970	468	866	7	10	0	0
mazG	944	1086	836	843	839	1076	490	820	8	13	3	4
mbiA	5	5	5	1	2	4	5	10	0	0	0	0
mcaS	119666	109621	122001	142400	113120	132231	79623	165124	229	58	38	33
mcbA	4	7	1	3	1	4	3	4	0	0	0	0
mcbR	79	90	28	13	49	77	15	38	1	0	0	0
mcrA	8	5	16	11	8	14	15	32	0	0	0	0
mcrB	994	1232	1663	1233	972	1452	1256	2326	17	4	1	0
mcrC	198	278	363	230	182	314	271	610	6	0	0	0
mdaB	65	95	93	69	44	59	65	135	3	4	0	0
mdfA	80	102	104	78	82	100	118	133	0	0	0	0
mdh	16572	18393	10902	9776	10390	15950	6777	16102	222	244	62	73
mdlA	461	543	610	579	432	508	419	662	9	8	2	2
mdlB	135	231	139	137	99	168	107	235	1	6	0	2
mdtA	29	49	62	27	13	45	45	78	2	4	1	0
mdtB	96	129	152	127	64	112	99	231	2	7	0	0
mdtC	104	144	151	139	73	104	113	230	5	3	0	0
mdtD	76	92	93	136	49	76	68	104	1	2	0	0
mdtE	4	10	3	6	7	12	3	12	0	3	0	0
mdtF	45	62	47	44	39	59	34	61	0	2	2	0
mdtG	174	240	171	161	162	253	100	258	7	2	0	2
mdtH	130	192	101	93	124	189	59	127	1	2	0	0
mdtI	136	217	607	437	233	286	400	712	1	1	1	1
mdtJ	86	149	310	209	125	194	241	516	1	2	2	1
mdtK	913	978	1107	808	872	1053	767	1204	6	3	3	2
mdtL	3013	3136	875	789	2645	2867	447	763	15	20	6	6
mdtM	226	226	158	196	206	263	94	177	1	4	0	0
mdtN	0	2	0	0	0	1	1	7	0	0	0	0
mdtO	10	8	14	5	6	7	4	8	0	0	0	1
mdtP	6	10	7	7	7	11	12	9	1	0	0	0
mdtQ	6	5	5	6	2	6	5	13	0	0	0	0
mdtU	90	156	265	160	123	180	156	568	4	3	3	0
melA	10650	16418	1492	1727	7766	13450	778	2119	200	257	60	57
melB	12249	15481	1325	1263	11508	14683	641	1294	77	116	36	31
melR	618	948	556	696	437	736	462	1015	9	14	4	2
menA	114	99	174	136	67	109	108	215	2	0	3	0
menB	253	406	341	329	145	335	213	734	14	16	5	2
menC	221	317	310	292	135	248	189	648	15	9	1	6
menD	821	947	643	732	573	849	389	849	18	35	7	6
menE	112	159	216	208	71	139	117	422	3	6	2	0
menF	235	303	294	211	131	245	134	408	9	17	1	3
menH	136	193	146	126	117	165	91	227	5	4	3	2
menI	285	309	455	528	185	257	282	590	1	3	1	3
mepA	787	1151	1284	1206	602	862	715	1677	10	12	2	5
mepH	80	89	115	115	53	89	64	168	4	2	1	0
mepK	79	119	184	150	64	117	185	432	8	5	2	0
mepM	1245	1370	2201	2180	999	1374	1524	2900	8	8	5	3
mepS	612	599	1595	846	447	650	907	2340	7	12	3	3
metA	23	23	52	38	41	62	133	315	0	1	0	0
metB	384	329	621	559	316	357	487	736	0	4	3	2
metC	138	180	271	196	116	162	155	407	0	7	0	0
metE	181	227	111	125	116	188	106	234	3	8	0	2
metF	74	61	142	106	60	80	133	247	1	0	0	0
metG	280	314	556	474	183	363	432	1145	15	19	3	3
metH	3054	3779	2678	3223	2201	3177	1378	3362	44	67	17	23
metI	422	437	929	717	339	412	642	1136	3	3	0	0
metJ	115	143	134	130	90	118	148	317	1	2	0	2
metK	210	212	1123	928	206	301	1203	2313	10	0	0	6
metL	775	1075	1231	1197	573	841	825	1683	8	7	7	6
metN	247	254	575	517	246	326	692	1121	1	2	0	1
metQ	989	1100	1686	1578	797	1054	1117	2700	12	2	3	0
metR	12	22	31	33	25	24	34	76	1	1	0	0
metT	264	339	279	735	561	354	239	732	233	369	351	149
metU	148	267	552	631	326	200	396	566	238	605	148	131
metV	1451	1727	3501	3604	1936	2494	2617	6006	921	1308	649	325
metW	1944	2191	3759	6413	3404	3974	2822	8225	2224	3083	1618	781
metY	1803	2112	1973	1647	1737	1936	1704	3056	404	373	323	152
metZ	826	921	1161	2737	1319	1581	1183	3372	889	1186	868	315
mfd	881	1229	1738	1726	536	1000	1204	3031	37	40	12	8
mglA	535	686	1213	1042	272	439	918	1745	2	4	1	0
mglB	5949	7044	3509	3246	2876	4622	2707	5795	38	13	6	8
mglC	7127	6364	5262	4244	5971	4726	3053	3997	8	2	2	6
mgrB	74	84	149	161	66	103	117	172	0	0	1	1
mgrR	9128	7635	21212	20881	7504	10464	27814	35270	53	3	3	38
mgsA	415	648	390	366	335	552	237	802	21	19	13	5
mgtA	109	123	84	110	71	106	73	140	0	2	0	0
mgtL	582	617	1735	1214	606	603	1170	1317	5	5	4	1
mgtS	3	13	17	17	6	21	21	46	0	0	0	0
mgtT	7	9	14	8	8	16	4	34	0	0	2	0
mhpA	33	25	18	31	15	12	17	22	0	1	0	0
mhpB	24	38	19	17	24	33	11	27	0	0	0	0
mhpC	38	37	24	27	25	42	16	22	0	0	0	0
mhpD	38	54	30	33	34	37	12	44	1	0	0	0
mhpE	78	99	43	43	55	75	27	63	2	0	1	0
mhpF	66	79	41	40	39	60	21	47	0	0	0	0
mhpR	51	58	70	58	24	28	73	99	1	1	2	1
mhpT	450	417	257	248	325	435	157	201	2	2	0	0
miaA	20031	16889	20908	22329	12780	15016	21849	17457	35	37	10	12
miaB	511	698	1302	1014	413	653	632	1871	12	5	1	3
micA	67100	44569	77848	50621	49093	50416	115662	83953	40	3	13	11
micC	3	7	15	5	7	7	13	17	0	0	0	0
micF	41815	31168	36115	24553	34925	46520	24738	37155	24	1	6	9
micL	10963	9893	13653	13069	5879	8581	14775	14072	15	7	3	3
minC	862	1189	1139	1027	682	1036	778	1923	14	20	5	10
minD	2234	2873	2917	2753	1648	2758	1711	4081	42	34	20	7
minE	902	1044	1187	884	739	988	651	1663	20	5	4	3
mioC	432	565	1110	754	447	612	710	1465	9	3	2	2
mipA	610	739	1833	1508	448	575	1319	3086	13	3	6	4
mlaA	326	310	594	409	276	370	454	759	2	6	2	2
mlaB	113	133	136	136	102	127	102	259	1	1	2	3
mlaC	146	217	210	191	90	212	151	450	2	6	3	4
mlaD	286	266	345	289	228	261	202	449	0	5	2	1
mlaE	948	852	1110	1092	721	838	654	1172	0	7	3	3
mlaF	983	919	1281	1097	709	864	740	1286	1	9	0	0
mlc	1292	1633	1520	1870	954	1268	1036	2108	16	20	5	2
mliC	22	30	24	22	10	38	36	64	1	2	1	0
mlrA	52	94	61	24	32	71	29	66	1	1	2	0
mltA	220	284	271	223	190	256	189	374	5	4	4	0
mltB	41	65	78	55	40	50	50	150	4	0	0	0
mltC	1306	1291	2293	1695	1167	1433	1675	2397	10	2	1	2
mltD	410	459	1020	828	291	480	612	1398	11	14	4	5
mltF	40	36	88	86	31	50	67	108	1	0	0	0
mltG	338	406	457	489	311	419	319	685	3	9	1	5
mmuM	408	456	298	388	283	395	166	331	8	5	3	5
mmuP	94	115	105	86	93	125	71	91	0	0	2	0
mnaT	194	210	219	231	129	164	118	231	2	4	0	0
mngA	29	29	12	10	16	38	10	24	0	0	0	0
mngB	286	328	240	277	250	348	151	305	4	0	2	0
mngR	152	184	218	212	144	203	152	310	1	3	0	0
mnmA	357	523	882	632	276	452	503	1403	16	14	4	9
mnmC	234	316	410	352	224	303	340	688	5	8	1	2
mnmE	265	292	329	289	200	292	248	506	3	4	0	0
mnmG	407	616	934	713	273	508	592	1941	18	23	3	3
mntH	134	136	219	188	86	93	173	250	0	1	1	0
mntP	8	12	4	5	6	22	3	11	1	0	0	0
mntR	869	892	1624	1572	737	892	1008	1709	9	6	2	4
mntS	167	282	384	302	142	263	280	624	3	8	6	2
moaA	448	567	357	284	256	384	248	701	9	16	1	6
moaB	350	374	118	127	208	347	86	198	4	8	0	0
moaC	646	676	205	218	370	553	149	333	7	12	2	1
moaD	287	304	121	114	179	248	88	140	4	3	3	0
moaE	737	771	293	259	499	711	205	413	8	9	3	3
mobA	76	79	67	86	51	91	45	116	1	1	0	0
mobB	70	81	66	55	53	78	36	62	1	0	0	0
mocA	249	412	80	81	193	360	61	128	4	5	1	2
modA	2248	2131	1447	1474	1461	1946	861	1901	27	27	7	12
modB	3564	2792	2166	1975	2850	2921	1358	1973	13	14	3	10
modC	709	781	482	584	489	713	359	705	4	16	1	3
modE	658	823	901	837	530	781	631	1187	11	1	1	1
modF	202	271	326	276	145	224	158	541	4	5	2	0
moeA	326	411	363	341	201	336	262	538	13	12	2	1
moeB	149	185	157	152	84	123	104	281	4	8	0	4
mog	446	497	538	570	288	477	383	872	12	10	4	2
mokA	0	1	1	1	0	2	0	2	0	0	0	0
mokB	67	62	57	31	49	71	47	70	2	2	2	0
mokC	37	75	34	26	37	63	31	62	0	0	0	1
motA	12477	13536	12826	13579	9645	11911	6635	15759	139	203	66	43
motB	14086	14347	12722	13277	10165	13206	7013	15930	104	222	60	37
motR	27958	18523	21006	15272	17413	24041	15688	20360	35	26	19	16
mpaA	109	169	133	122	121	136	73	195	3	4	2	1
mpl	518	644	654	573	332	532	465	930	10	15	8	3
mppA	476	509	347	330	350	550	264	647	6	10	8	4
mprA	411	507	1262	958	351	582	975	1859	6	5	2	2
mqo	143	157	783	669	113	155	623	1249	1	4	0	2
mqsA	372	321	348	260	280	355	237	501	0	2	0	0
mqsR	659	613	737	483	546	707	564	1029	1	1	0	2
mraY	1123	1580	1185	1113	836	1164	661	1491	18	31	9	4
mraZ	391	433	367	384	248	455	275	720	6	5	3	4
mrcA	402	453	1671	1355	381	469	1188	1503	4	7	0	3
mrcB	268	372	448	378	205	361	319	852	2	13	3	3
mrdA	228	275	648	431	186	232	484	959	7	6	0	1
mrdB	91	167	439	358	115	169	281	728	2	2	2	3
mreB	807	877	1195	1038	542	797	946	1971	23	16	4	7
mreC	392	487	775	646	306	470	677	1176	9	16	2	4
mreD	182	217	357	255	159	167	298	449	1	4	0	2
mrp	558	756	797	841	469	594	605	1404	13	23	6	8
mrr	467	452	419	423	316	486	274	525	7	3	0	2
msbA	387	415	966	726	270	455	658	1527	8	7	7	2
mscK	391	525	912	555	358	494	568	1238	6	8	6	1
mscL	611	568	460	396	450	671	407	689	4	4	0	0
mscM	731	757	1363	1332	648	726	782	1561	12	13	4	5
mscS	87	112	128	125	62	121	142	288	2	4	5	0
msrA	519	577	316	322	373	512	201	444	6	10	1	2
msrB	933	1059	1733	1326	756	987	1758	3283	11	9	2	3
msrC	1056	1086	1349	1192	801	946	1096	1614	7	7	4	3
msrP	33	64	30	32	29	37	38	81	1	1	0	1
msrQ	24	41	31	28	25	20	22	34	0	0	0	2
msyB	296	455	76	90	175	456	75	134	2	4	2	1
mtfA	2671	3204	2682	2980	2183	2945	1518	3408	32	24	10	9
mtgA	1154	1138	622	646	973	1078	404	735	4	7	2	1
mtlA	402	559	314	323	257	489	158	603	28	32	12	6
mtlD	370	518	159	163	205	439	105	310	18	32	5	3
mtlR	666	602	902	542	717	730	291	746	5	8	3	3
mtn	1068	1202	1062	1029	1040	1257	667	1524	10	13	8	2
mtr	333	344	451	498	382	430	310	578	8	4	0	1
mug	144	161	167	133	109	154	120	224	0	1	1	1
mukB	3592	5430	5325	5364	2088	3783	2859	9288	96	125	34	37
mukE	553	853	792	708	396	720	490	1239	14	24	4	5
mukF	975	1289	1255	1301	716	1061	732	2006	19	33	7	11
murA	388	564	1078	814	325	530	795	2091	15	13	4	6
murB	387	438	470	320	332	524	571	1373	6	11	2	1
murC	2395	3382	2190	2324	1835	2791	1275	2587	38	51	15	13
murD	1346	2239	1364	1422	935	1592	714	2099	30	50	16	12
murE	1168	1789	1206	1164	824	1387	748	1812	28	50	8	20
murF	1024	1599	1175	1039	701	1135	704	1649	22	55	12	7
murG	1287	1999	1145	1056	962	1552	682	1486	13	31	8	5
murI	844	1059	1204	1431	729	1067	822	1515	24	23	7	4
murJ	271	291	420	302	249	269	361	435	4	4	2	0
murP	155	228	235	261	103	149	85	198	4	5	0	2
murQ	125	165	205	273	89	136	83	257	2	9	1	1
murR	32	37	44	59	11	29	25	61	0	0	0	0
mutH	451	491	753	618	360	441	505	542	2	1	1	0
mutL	801	997	1216	1052	663	951	983	1762	21	29	8	4
mutM	30	31	66	71	25	28	109	98	1	0	0	0
mutS	700	904	1546	1364	543	901	1105	2920	14	12	4	7
mutT	290	287	352	332	287	294	193	353	1	2	0	1
mutY	658	681	929	873	556	726	967	1327	7	2	3	2
mzrA	156	204	172	171	130	202	154	262	1	1	0	1
naRNA1	16	29	115	63	26	44	47	136	2	0	0	0
naRNA2	19	18	52	41	14	19	16	77	1	0	0	0
naRNA3	14	7	35	30	12	24	21	54	1	0	0	0
naRNA4	8	8	17	12	8	16	12	32	0	0	0	0
naRNA5	6	5	11	17	4	10	3	23	0	0	1	0
naRNA6	3	3	2	10	2	7	0	6	0	0	0	0
nac	15	21	11	12	13	20	15	29	0	0	0	0
nadA	2471	2625	3415	3884	1755	2224	2885	4007	16	10	2	2
nadB	81	123	98	108	56	111	65	153	2	3	1	1
nadC	449	555	513	478	357	513	304	814	4	13	2	1
nadD	92	131	176	130	70	97	111	326	3	8	5	0
nadE	879	1059	1173	1130	746	1054	747	1620	9	7	1	4
nadK	390	532	622	575	289	531	329	1033	6	7	0	1
nadR	673	934	847	1052	545	759	622	1113	13	5	2	0
nagA	1397	2171	273	214	873	1642	223	456	23	36	9	5
nagB	2793	3686	426	388	2239	3431	359	664	22	39	11	10
nagC	1815	2356	854	756	1400	1962	542	1077	17	34	12	7
nagE	11435	14974	2461	2300	8055	12261	1491	2982	162	185	59	64
nagK	929	1075	1210	1221	715	878	757	1498	4	16	2	3
nagZ	1110	1390	1236	1285	822	1245	884	2044	27	21	8	4
nanA	8554	10536	501	357	6210	8573	431	757	96	174	33	35
nanC	15472	15700	62	38	10699	14280	137	53	14	23	7	3
nanE	4568	4912	218	213	2816	4207	133	253	40	95	30	23
nanK	3711	3686	219	225	2587	3351	168	221	27	44	12	11
nanM	6675	8515	39	27	4638	7322	150	76	18	14	2	7
nanQ	2198	2297	137	118	1856	2281	113	188	8	40	10	9
nanR	309	376	278	251	199	320	188	513	8	6	5	1
nanS	721	716	17	9	565	752	27	15	1	4	1	0
nanT	10600	10298	389	352	7417	9111	293	416	98	141	36	30
nanX	2079	1870	234	175	1631	1985	151	235	3	6	2	1
nanY	3121	4489	437	397	2766	4817	341	449	8	12	3	5
napA	1163	1748	386	606	933	1418	160	663	24	34	11	5
napB	14	42	20	19	10	34	6	20	0	2	2	2
napC	120	224	120	119	99	170	64	212	2	10	1	0
napD	272	346	133	155	208	302	58	225	2	2	0	2
napF	2907	2301	1132	1777	2413	2495	451	850	3	7	1	2
napG	33	88	19	14	40	48	16	21	2	1	0	0
napH	68	214	123	110	83	121	55	77	5	3	1	0
narG	841	1096	201	295	587	1108	103	304	42	44	18	9
narH	197	395	40	52	200	363	27	71	18	37	12	5
narI	37	51	7	10	26	67	4	10	2	7	0	1
narJ	44	78	9	11	44	81	11	20	7	9	1	1
narK	1113	1133	391	419	935	1206	235	503	5	3	0	1
narL	129	193	118	111	80	158	85	258	2	8	5	1
narP	253	389	608	506	207	403	435	1055	4	2	2	0
narQ	340	436	305	283	258	365	183	383	3	5	1	5
narS	1399	1185	356	280	1121	1322	244	423	2	0	0	0
narU	28	22	12	3	23	22	5	4	0	0	0	0
narV	9	27	11	14	22	16	7	21	1	0	0	0
narW	20	16	18	8	9	17	5	21	1	0	1	0
narX	141	210	172	158	141	182	115	301	4	15	1	0
narY	24	31	13	20	14	26	16	17	1	1	1	0
narZ	67	98	29	28	46	76	16	59	2	4	1	1
nc1	2	3	5	1	1	1	10	5	0	0	0	0
ndh	1009	1310	1657	1452	717	1111	1096	2435	12	13	5	6
ndk	98	144	923	645	104	117	719	1108	4	1	0	2
nei	122	172	143	110	96	152	84	188	2	5	1	1
nemA	922	980	1271	919	758	962	682	1196	5	4	5	5
nemR	103	128	174	126	107	127	124	211	1	1	0	1
nepI	347	347	611	425	360	380	352	558	2	2	0	2
nfeF	49	42	119	144	27	27	71	211	1	0	0	0
nfeR	183	149	161	226	124	162	94	228	2	5	1	0
nfi	300	364	312	331	218	349	199	523	11	14	2	3
nfo	126	183	179	130	94	175	126	369	2	5	3	1
nfrA	300	350	362	340	243	397	240	468	2	4	3	1
nfrB	80	88	73	52	59	104	44	102	0	2	0	2
nfsA	379	443	438	476	258	366	356	682	6	7	1	1
nfsB	302	377	389	398	194	297	244	674	7	8	0	3
nfuA	417	445	637	708	248	359	581	1043	6	6	2	2
nhaA	1649	1574	1271	1094	1406	1688	1738	2109	4	1	1	2
nhaB	617	681	1201	1001	561	709	858	1858	7	5	3	1
nhaR	361	387	294	315	296	323	354	498	1	2	1	1
nhoA	107	126	89	95	89	106	66	98	0	4	0	0
nikA	719	849	174	254	683	773	106	199	4	3	3	2
nikB	558	685	131	176	477	570	54	148	6	3	1	1
nikC	279	323	54	77	227	291	16	65	4	3	5	2
nikD	91	180	23	44	75	163	13	50	7	5	0	4
nikE	32	77	14	18	36	53	14	19	3	4	0	0
nikR	50	98	41	38	48	64	35	51	2	3	0	0
nimR	37	26	50	57	28	39	45	82	2	1	0	0
nimT	495	350	443	267	456	382	327	321	0	2	1	0
ninE	0	2	1	0	0	0	0	2	0	0	0	0
nirB	361	752	118	205	189	491	48	190	12	7	5	0
nirC	17	31	13	8	8	33	13	23	0	0	0	0
nirD	263	474	44	130	178	282	20	70	2	0	0	1
nlpA	105	95	48	68	89	98	87	100	1	0	0	0
nlpC	190	187	253	201	155	185	240	302	1	0	0	0
nlpD	29569	25697	27866	25571	19711	24288	23686	29345	80	32	14	284
nlpE	740	826	626	570	519	832	432	757	1	1	4	1
nlpI	815	1207	1226	849	771	1226	1072	2537	50	63	22	24
nmpC	1877	2982	3484	2856	1139	2199	2754	6141	36	43	12	6
nnr	914	984	477	459	517	932	335	595	6	13	2	1
nohA	7	7	10	5	332	458	225	383	0	3	6	4
nohD	10	17	19	14	666	1048	389	810	4	4	39	12
norR	285	285	312	357	162	262	221	310	3	1	0	0
norV	35	37	32	26	15	37	16	39	1	1	2	0
norW	13	20	13	8	3	14	5	14	0	0	0	0
npr	182	266	287	242	148	252	145	608	2	7	5	6
nrdA	1843	2165	2836	2343	1979	3392	2687	6842	42	69	17	15
nrdB	862	1137	1699	1444	669	1373	1184	3574	19	25	6	6
nrdD	1953	3049	1935	1679	1686	3121	1135	3549	66	91	26	28
nrdE	38	29	239	188	40	41	212	550	1	0	0	0
nrdF	51	26	215	211	29	46	200	369	0	0	0	0
nrdG	138	198	196	149	142	270	123	380	4	13	4	1
nrdH	4	6	37	21	4	6	31	90	0	1	0	0
nrdI	9	4	60	48	8	22	48	157	0	1	0	0
nrdR	167	265	197	191	109	248	164	412	7	11	1	5
nrfA	262	493	138	176	220	324	121	189	8	9	3	7
nrfB	45	120	7	18	47	76	10	27	0	5	2	1
nrfC	17	98	5	6	35	67	6	11	1	3	1	2
nrfD	53	143	14	29	46	82	12	16	2	5	2	1
nrfE	70	90	39	29	55	69	23	43	2	2	0	0
nrfF	8	8	6	5	9	4	3	11	0	1	0	0
nrfG	1	4	4	1	4	2	3	9	0	0	0	0
nsrR	1256	1357	1576	1274	1172	1512	1046	1885	11	15	2	2
nth	52	71	469	478	40	68	293	688	2	0	2	0
nu1	13	5	16	3	2416	3550	1354	2872	14	10	94	33
nu3	16	2	3	2	9077	15260	3039	9538	39	1	710	208
nudB	406	596	1037	934	363	600	643	1859	17	37	5	3
nudC	221	236	210	182	178	220	187	308	3	4	1	1
nudE	83	96	233	168	55	102	147	360	2	0	3	0
nudF	482	509	472	437	352	493	382	610	8	6	1	2
nudG	35	24	48	46	19	18	42	51	0	0	0	0
nudI	681	623	1183	1376	559	581	684	916	1	0	1	1
nudJ	53	84	100	103	48	68	61	181	1	1	1	0
nudK	433	523	674	592	418	509	396	734	5	2	2	1
nudL	281	292	350	366	213	300	214	355	2	1	1	1
nuoA	8065	9534	14890	10457	6849	8438	8630	18047	60	31	3	7
nuoB	3428	4639	5958	5617	2558	4089	3635	8758	41	34	13	2
nuoC	4880	7274	12946	11396	3459	6527	6597	22661	184	203	57	45
nuoE	2161	2857	5190	5144	1410	2354	2441	8083	69	112	17	20
nuoF	2511	3438	6924	6522	1377	2434	3309	11317	95	160	32	22
nuoG	7329	9959	15323	15400	4291	6843	8385	24445	160	320	52	63
nuoH	1012	1370	2244	2356	681	898	1574	3147	17	60	6	4
nuoI	1238	1885	3027	2883	786	1313	1444	5238	41	94	21	15
nuoJ	998	1472	1993	2059	655	936	1176	3590	29	63	20	12
nuoK	534	745	1006	950	363	539	588	1933	10	22	2	7
nuoL	5715	6829	7186	7979	3843	5131	4023	9507	124	170	38	28
nuoM	2418	3238	3717	3845	1699	2402	2330	5561	73	142	34	26
nuoN	1511	1929	2523	2705	966	1508	1642	4269	66	89	20	18
nupC	101	138	278	262	78	149	260	478	4	2	1	0
nupG	206	218	98	101	131	175	96	189	2	6	0	1
nupX	21	21	22	20	15	18	17	19	0	0	0	0
nusA	2110	3078	5043	4786	1670	3293	3293	10642	86	106	15	37
nusB	236	432	311	259	159	354	230	782	18	19	3	5
nusG	736	814	1574	1418	523	830	1203	2179	8	13	4	7
obgE	261	352	884	964	231	393	661	1614	11	9	2	4
och5	56	47	53	53	70	75	43	50	0	0	0	0
ogrK	35	50	32	15	19	39	25	59	0	1	0	0
ogt	59	95	116	87	53	72	71	163	2	1	0	0
ohsC	0	1	0	0	0	0	0	0	0	0	0	0
ompA	16174	24310	32884	28952	13193	22974	22681	53703	584	458	199	212
ompC	54604	76224	92309	86496	43956	76613	58293	149531	1117	862	396	289
ompC_3'	1720	2313	3830	2401	1323	3157	2063	6979	52	56	32	16
ompF	36290	43330	25268	20299	23727	37607	18667	42488	211	117	51	68
ompG	9	12	1	4	5	6	4	10	0	0	0	0
ompL	3	1	1	2	1	2	1	7	0	0	0	0
ompN	6	17	33	24	8	19	41	78	0	0	0	0
ompR	1466	1687	1032	1173	1013	1559	753	1915	18	26	9	4
ompT	423	605	1817	1667	302	549	1146	3209	4	1	3	4
ompW	3188	3637	1979	1874	2634	3625	1052	2414	51	60	17	13
ompX	18435	18055	16965	15567	13999	17058	12926	19141	67	37	11	11
omrA	200337	152550	163181	165364	138118	201178	172647	146599	38	1	30	40
omrB	110749	100631	84446	78073	79863	127557	74374	189309	207	28	35	30
opgB	404	398	567	483	270	427	535	766	6	2	1	1
opgC	433	335	794	312	486	444	505	734	0	0	0	0
opgD	243	265	375	288	195	268	308	538	7	3	2	0
opgE	310	343	738	450	282	338	437	717	3	1	1	0
opgG	818	1119	1127	1025	589	1157	1064	2264	23	19	8	1
opgH	2104	2582	3775	3554	1938	2466	2527	4881	49	59	8	13
oppA	19540	21929	14897	11357	16267	21904	10830	21287	119	88	22	38
oppB	1130	1403	1474	1145	896	1256	1172	2222	5	14	0	6
oppC	1596	1894	2651	2713	1297	1629	1659	3042	16	10	10	5
oppD	1856	2503	3374	3947	1144	1757	1966	4951	32	27	9	6
oppF	1013	1284	1808	2068	590	871	1180	2492	16	21	2	3
oppX	5014	5365	5900	3782	4963	6253	4835	6885	17	2	1	3
orf-194	8	4	2	5	1443	2247	541	1505	6	1	66	9
orf-314	9	2	3	1	2738	4757	1056	3206	21	0	175	49
orf-64	4	1	2	0	4294	4062	4758	5695	6	0	45	16
orf206b	4	0	2	0	1687	1809	3520	3194	2	2	13	5
orf28	20	3	0	1	299	679	1852	8933	16	5	4	3
orf60a	35	2	1	2	1535	2369	4301	11979	35	2	12	9
orf61	23	0	1	1	1499	2197	4281	9272	17	1	10	11
orf63	21	1	1	0	1000	1533	3636	8469	29	2	5	5
orn	376	393	361	395	286	377	215	511	5	4	5	2
ortT	24	22	35	13	7	19	29	43	0	0	0	1
orzP	12	24	9	6	9	20	13	23	0	1	0	0
osmB	25	25	37	20	49	52	42	73	1	0	0	0
osmC	477	719	135	151	368	696	98	278	7	19	5	3
osmE	740	1099	242	210	657	1158	188	455	15	24	8	4
osmF	180	224	46	39	112	187	32	59	2	2	0	2
osmY	799	1005	133	141	513	1005	135	220	4	9	4	8
otsA	720	922	168	153	525	732	102	243	3	14	3	3
otsB	465	612	142	134	407	511	88	158	3	5	2	1
oweE	6	3	3	3	3	5	0	6	0	0	0	0
oxc	6	9	14	6	6	16	9	16	0	0	0	1
oxyR	857	1094	943	1041	613	947	588	1427	23	25	10	7
oxyS	12251	6418	2510	1248	8309	9012	2101	3117	8	2	0	5
paaA	41	60	12	17	14	31	9	16	0	1	0	0
paaB	71	90	10	15	21	45	12	20	0	0	0	0
paaC	140	175	12	29	39	65	16	32	1	1	0	1
paaD	75	83	4	20	39	39	9	12	0	0	0	0
paaE	188	247	24	30	73	123	16	40	0	2	0	2
paaF	321	439	42	65	145	222	26	60	2	0	0	2
paaG	240	298	41	42	106	187	20	40	0	2	1	0
paaH	847	1005	137	173	459	591	77	107	1	4	0	0
paaI	516	589	94	101	367	479	69	101	0	1	0	1
paaJ	3136	3518	995	1287	1965	2929	798	1275	2	14	1	2
paaK	1231	1578	603	586	631	1159	373	722	3	7	0	1
paaX	2281	2360	2165	2284	1738	2230	1904	2225	10	10	1	2
paaY	429	582	433	421	279	431	277	491	3	2	0	1
paaZ	35	29	17	21	10	10	13	7	0	0	0	0
pabA	53	58	48	26	30	66	24	57	1	0	0	0
pabB	153	150	214	187	95	138	166	283	0	4	0	0
pabC	94	141	129	104	84	121	103	207	3	4	0	0
paeA	89	161	156	115	83	144	84	241	5	11	3	4
pagP	30	48	69	49	38	60	28	47	0	0	0	0
pal	2638	3736	9815	9743	1890	3182	5974	15449	55	30	7	6
panB	560	715	589	494	332	643	402	1173	12	17	1	3
panC	969	1211	825	801	588	1050	568	1610	18	17	6	5
panD	271	280	500	437	223	269	365	573	5	2	2	3
panE	173	261	239	199	128	196	161	372	3	7	0	3
panF	75	73	155	123	52	78	117	225	4	3	0	0
panZ	189	180	274	281	130	163	186	324	1	2	1	0
paoA	6	8	7	3	5	10	2	4	0	0	2	0
paoB	17	10	7	8	6	15	8	6	0	0	2	0
paoC	41	79	27	25	25	59	12	48	4	1	0	0
paoD	20	30	12	5	16	13	9	17	1	0	0	0
parC	433	522	824	813	256	532	616	1512	20	23	9	6
parE	852	1085	1338	1336	678	1115	914	2204	24	33	15	11
patA	88	118	39	34	74	94	15	54	5	4	5	2
patD	470	811	105	119	326	663	99	157	10	14	5	1
patZ	3801	5423	2028	2428	2390	4406	1050	3451	89	194	41	33
pawZ	1	18	18	9	10	19	9	78	0	2	0	0
pbl	1	1	1	3	0	0	2	5	0	0	0	0
pbpC	303	319	284	254	240	310	199	319	4	6	2	0
pbpG	396	396	498	400	337	415	350	709	2	7	1	0
pck	5966	7516	4861	5422	3989	6802	3354	9054	277	301	106	111
pcm	3200	3256	2437	2534	2491	2995	1384	2230	18	18	7	8
pcnB	291	325	561	362	164	262	403	1011	13	14	5	2
pdeA	376	404	497	362	287	378	367	550	4	4	0	0
pdeB	237	257	357	276	202	266	263	520	5	2	3	1
pdeC	83	92	57	52	63	108	52	67	1	0	0	1
pdeD	27	42	25	12	18	43	12	34	1	3	0	0
pdeF	70	84	69	60	72	90	42	64	0	2	0	2
pdeG	10	7	7	9	9	6	7	7	1	0	0	0
pdeH	5833	3978	5023	3746	4684	4681	2582	5751	49	63	18	24
pdeI	29	41	102	73	22	42	74	97	1	1	0	0
pdeK	166	242	186	150	116	195	142	344	5	9	2	1
pdeL	99	132	434	273	91	149	523	601	2	1	0	1
pdeN	484	543	677	493	403	522	438	786	1	1	1	1
pdeR	694	754	195	159	385	738	116	194	4	1	1	1
pdhR	640	717	2485	1370	389	542	1340	3877	17	18	3	7
pdxA	512	604	748	624	427	606	472	1126	15	20	6	3
pdxB	211	273	319	270	115	225	254	612	7	5	8	0
pdxH	391	499	631	579	294	442	381	894	2	8	1	5
pdxI	1837	2176	1326	1906	1569	2017	666	1151	12	14	3	1
pdxJ	233	329	241	238	161	250	170	531	14	8	4	2
pdxK	172	186	159	117	93	156	129	252	2	4	1	0
pdxY	168	267	405	334	143	227	291	861	1	4	1	0
peaD	3	1	2	1	124	173	229	289	0	0	0	0
pepA	645	942	926	848	341	748	701	1844	24	16	13	5
pepB	1315	1381	2056	2421	878	1180	1130	3228	22	21	4	4
pepD	1727	2318	1584	1519	1210	1926	1056	2759	45	51	16	17
pepE	121	138	81	78	68	157	52	165	5	4	5	1
pepN	2667	3513	2377	2629	1582	2595	1695	3981	57	89	23	24
pepP	4636	5836	4545	5261	3473	5027	2859	6678	71	89	28	24
pepQ	2024	2722	2383	2325	1466	2242	1723	3740	45	34	8	28
pepT	595	690	286	407	389	671	224	515	13	16	6	2
perR	10	12	12	12	9	13	5	16	0	0	0	0
pfkA	2004	2299	1265	1506	1184	1934	827	1908	37	26	10	7
pfkB	101	118	63	61	81	118	34	116	1	3	4	0
pflA	815	1047	918	829	586	1088	548	1344	9	8	3	5
pflB	4761	8614	5014	4719	3358	7624	3106	11307	560	458	216	183
pflC	46	47	36	39	29	47	22	51	1	2	0	0
pflD	94	114	81	84	64	116	51	137	3	4	2	1
pgaA	24	45	44	26	27	48	15	63	1	2	0	0
pgaB	13	14	27	21	15	26	18	32	0	1	0	0
pgaC	1	21	31	22	11	20	23	35	1	0	0	0
pgaD	6	15	26	22	16	15	23	31	0	0	0	0
pgi	1061	1638	937	986	645	1261	762	2055	39	52	18	19
pgk	2158	3400	1815	1739	1411	2807	1348	4331	83	99	37	38
pgl	722	1007	408	412	443	726	271	719	12	21	8	5
pgm	638	891	947	823	397	769	679	1621	32	32	17	15
pgpA	860	872	803	735	659	846	613	952	7	6	3	4
pgpB	1091	1178	1504	1420	906	1144	837	1340	10	5	2	0
pgpC	139	156	129	120	112	142	69	159	2	2	0	0
pgrR	45	45	88	70	38	63	77	123	0	0	0	1
pgsA	310	330	379	363	241	316	312	522	7	5	1	2
pheA	415	553	1015	801	399	501	661	1419	5	6	1	3
pheL	68	58	141	66	52	84	92	149	1	0	1	0
pheM	61	67	157	120	51	71	160	199	1	0	2	1
pheP	86	86	263	190	78	110	224	328	5	0	1	1
pheS	538	904	2403	2360	452	781	1636	4495	23	27	7	6
pheT	2037	2731	5964	6216	2082	2989	3956	11596	64	63	16	16
pheU	48	56	95	78	36	41	326	132	68	71	1	31
pheV	117	143	153	350	140	138	158	439	76	83	65	18
phnC	1	0	2	0	0	1	0	1	0	0	2	0
phnD	1	0	4	8	2	3	1	5	0	0	2	0
phnE	0	0	1	1	0	0	0	1	0	0	0	0
phnF	1	0	1	0	1	1	0	4	0	0	0	0
phnG	0	0	0	1	0	0	0	2	0	0	0	0
phnH	1	2	3	0	1	1	1	3	0	0	0	0
phnI	2	4	8	6	0	3	1	2	0	0	0	0
phnJ	1	1	3	6	1	3	2	10	0	0	0	0
phnK	3	6	1	8	2	3	4	5	0	0	0	0
phnL	1	4	2	1	0	3	1	4	0	0	0	0
phnM	17	13	12	8	7	11	7	7	1	2	0	0
phnN	8	17	10	8	11	7	4	13	0	0	1	0
phnO	37	40	24	19	33	40	10	25	0	1	1	0
phnP	53	36	30	18	25	36	15	27	0	2	0	0
phoA	452	458	520	486	355	519	370	552	2	1	2	2
phoB	144	164	177	151	98	127	121	202	2	0	0	0
phoE	23	23	27	22	38	36	23	22	0	0	0	0
phoH	117	122	55	57	83	116	50	119	1	3	0	0
phoP	753	798	703	589	682	872	479	957	4	2	2	3
phoQ	877	907	770	666	713	946	462	1087	8	15	1	3
phoR	196	230	214	166	128	194	143	252	3	2	2	0
phoU	78	83	127	127	33	71	106	268	4	3	1	0
php	24	19	21	21	15	12	17	22	1	0	0	0
phr	189	313	83	80	136	252	56	145	4	9	2	1
pinE	1	3	6	6	5	1	0	5	0	0	0	0
pinH	0	0	0	0	0	0	2	3	0	0	0	0
pinQ	499	873	579	462	487	982	397	1110	3	1	1	1
pinR	398	664	562	370	446	710	384	1091	7	1	0	0
pitA	1537	1545	2478	2334	1113	1450	2129	2921	17	12	9	10
pitB	13	12	12	13	17	14	19	22	0	0	0	0
plaP	53	45	403	353	47	81	358	533	2	0	0	0
plaR	177	132	244	207	188	171	192	289	0	3	3	0
pldA	79	98	144	103	58	103	147	256	1	1	2	1
pldB	824	850	770	707	607	791	567	1032	9	6	3	3
pliG	144	175	66	70	112	140	66	138	1	0	2	0
plsB	2231	2371	2190	2077	1573	2255	1444	3471	37	49	17	15
plsC	228	378	445	351	182	314	292	813	9	7	1	0
plsX	374	639	1319	1278	342	592	860	2437	22	28	12	5
plsY	257	268	492	380	181	254	205	409	3	3	1	3
pmrD	98	108	206	211	69	103	135	239	0	0	0	0
pmrR	59	72	41	36	28	40	33	79	0	6	1	0
pncA	98	125	232	181	85	100	176	365	2	0	0	0
pncB	591	662	1112	817	505	760	623	1576	12	12	4	3
pncC	103	97	181	144	96	95	94	258	4	0	0	0
pnp	2880	3911	3799	3827	1944	3549	2529	8053	146	200	53	60
pntA	736	1035	978	1021	549	787	921	1606	17	17	4	4
pntB	1123	1472	1323	1461	707	1063	880	2132	27	32	14	9
pnuC	184	292	262	238	135	225	119	284	2	4	0	0
polA	4743	7386	5887	6394	2936	5884	3033	10755	84	72	8	22
polB	577	824	515	527	435	661	341	810	6	18	9	3
potA	184	235	531	407	116	227	352	893	14	13	1	1
potB	75	83	233	175	61	80	183	333	2	3	1	1
potC	126	119	548	425	104	143	401	655	0	1	0	0
potD	609	650	2958	3066	399	644	2345	4623	8	7	0	2
potE	28	27	26	23	30	31	15	31	0	0	0	0
potF	19	35	34	17	14	29	13	44	1	1	1	1
potG	23	22	32	28	11	20	16	52	1	0	0	0
potH	52	68	57	44	39	43	44	54	0	1	0	0
potI	88	105	103	93	67	87	62	71	0	1	0	0
poxB	502	836	49	57	321	698	53	88	9	28	5	3
ppa	527	732	1684	1412	400	735	1376	3548	15	9	3	3
ppc	1846	2574	2161	2277	1137	2025	1341	3914	71	81	22	6
ppdA	54	51	64	78	52	61	41	58	1	0	0	0
ppdB	232	229	242	241	219	219	115	219	1	1	0	1
ppdC	126	126	102	111	82	121	73	147	3	2	0	0
ppdD	5	6	4	7	3	6	3	15	0	0	0	0
pphA	33	49	8	17	30	44	10	24	0	0	0	0
pphB	9	7	24	14	11	14	8	40	0	0	0	0
pphC	5	9	6	12	6	8	5	17	0	0	0	0
ppiA	95	117	154	118	43	116	118	263	1	3	0	0
ppiB	254	291	466	298	201	271	395	839	4	5	4	2
ppiC	41	65	113	78	44	59	97	211	4	1	1	1
ppiD	931	1392	1513	1269	619	1195	1039	2969	34	33	12	15
ppk	761	1172	914	861	560	970	577	1549	22	47	8	3
ppnN	3418	4593	2652	3377	2446	3805	1563	3545	60	76	25	17
ppnP	1210	1231	701	640	939	1235	463	953	8	12	3	3
pppA	16	21	49	28	11	24	18	40	0	0	0	0
ppsA	3441	4214	5457	4962	2229	3659	4178	9842	96	138	42	38
ppsR	873	937	891	916	741	902	773	1224	3	7	3	2
pptA	3	5	4	3	2	4	8	21	0	0	0	0
ppx	763	1100	953	953	682	931	575	1426	14	25	6	8
pqiA	258	298	758	725	210	329	434	891	7	4	0	1
pqiB	982	1106	2708	2886	738	1126	1775	3562	12	7	5	7
pqiC	999	1141	3112	3495	937	1171	2176	3444	8	5	0	2
pqqL	41	70	417	441	36	69	412	1084	4	0	2	0
pqqU	28	22	200	146	19	25	168	311	1	1	0	1
prc	1430	1834	3464	2465	1125	1841	2296	6003	33	38	5	8
preA	4232	4377	370	433	3981	5529	286	350	50	91	20	14
preT	1840	2430	189	158	1703	2660	158	215	42	92	28	19
prfA	160	336	526	440	143	316	362	1068	9	7	5	3
prfB	1184	1508	3745	2956	911	1447	2507	6389	34	26	7	8
prfC	169	209	493	389	124	212	429	1070	3	12	2	1
prfH	5	7	9	8	5	9	1	8	0	0	0	0
priA	107	152	191	179	86	147	154	334	5	7	1	0
priB	637	1054	6087	6576	622	951	3692	8481	53	41	21	25
priC	312	271	316	302	196	294	157	282	2	0	2	2
prkB	187	279	263	277	134	245	186	496	9	9	1	2
prlC	571	771	831	771	413	617	687	1252	14	16	7	2
prlF	87	170	91	91	108	212	70	169	0	1	1	0
prmA	142	168	462	601	136	206	385	571	2	4	0	0
prmB	802	886	1757	1316	723	956	1176	2272	14	9	4	0
prmC	101	155	302	216	93	158	215	642	4	3	1	1
proA	291	402	298	279	193	309	270	628	13	15	4	1
proB	405	509	431	371	235	443	316	680	10	19	2	0
proC	652	611	552	494	510	644	341	683	5	2	4	1
proK	31	31	62	49	46	44	231	74	35	36	22	12
proL	1217	1659	884	2606	2609	1658	1085	3071	1347	1249	1652	746
proM	369	390	769	947	395	417	1240	1113	177	256	257	108
proP	5216	4830	2861	2752	4328	5060	2123	3195	31	48	20	13
proQ	3824	4221	8521	6903	2980	4353	5628	13008	49	31	13	14
proS	708	963	2541	2211	453	827	2280	4450	23	27	3	13
proV	163	215	1759	1385	171	214	1091	2396	13	6	2	1
proW	199	212	1381	1174	165	154	875	1624	6	7	0	0
proX	958	938	2314	1922	576	684	1525	3689	26	15	6	6
proY	289	361	617	442	243	320	373	676	2	4	1	0
prpB	4	0	1	3	4	6	0	8	0	0	0	0
prpC	5	9	9	5	10	4	7	12	0	1	0	0
prpD	10	11	6	8	5	7	10	16	0	2	0	0
prpE	19	42	29	40	17	39	21	45	0	3	1	0
prpR	406	303	105	80	369	325	51	77	0	0	0	0
prs	331	423	968	695	210	407	661	1973	14	20	8	10
psaA	0	3	3	2	1	4	3	7	0	0	0	0
psd	439	625	601	700	346	606	475	1074	15	17	2	0
psiE	11	8	9	16	11	8	9	18	0	0	0	0
psiF	134	126	109	103	92	144	53	104	0	1	2	1
pspA	937	954	1238	1333	721	1165	778	1602	6	2	1	1
pspB	68	100	96	114	75	97	65	122	0	1	0	1
pspC	72	82	95	95	64	81	56	110	2	0	0	0
pspD	27	23	48	36	18	38	25	48	0	0	0	0
pspE	4897	5224	4060	5042	3913	5103	1927	4627	36	26	26	14
pspF	122	137	125	130	91	118	89	171	1	0	1	1
pspG	156	125	149	125	156	161	79	151	0	0	0	0
pspH	47	66	121	66	68	78	253	571	0	0	0	0
pssA	760	1031	548	442	493	990	375	1093	25	34	8	11
pssL	92	102	112	58	65	106	70	211	1	4	0	0
pstA	46	48	101	90	34	46	66	107	0	1	0	2
pstB	69	82	143	125	30	67	103	273	3	3	1	0
pstC	32	29	73	51	21	37	62	88	1	0	0	0
pstS	69	72	137	82	32	70	127	206	1	2	1	0
psuG	24	21	20	28	10	20	29	33	1	1	1	0
psuK	4	9	5	12	5	13	4	15	0	0	0	0
psuT	72	93	93	74	76	77	63	94	1	1	0	0
pta	1536	2524	3014	2916	1113	2321	2024	7012	100	115	34	29
pth	87	100	201	127	57	104	126	236	1	0	0	0
ptrA	341	533	384	353	225	360	264	735	12	12	4	3
ptrB	271	377	287	259	178	362	193	458	2	7	1	5
ptrR	43	43	49	45	24	28	28	92	1	0	1	0
ptsA	172	235	128	140	94	203	57	177	7	7	0	5
ptsG	6360	9684	9543	9234	5412	9315	6343	16689	93	23	25	18
ptsH	583	814	586	510	477	667	431	1094	25	10	3	5
ptsI	2706	4037	2775	2848	1750	3230	2038	5067	81	100	38	31
ptsN	939	1389	1330	1132	657	1235	842	2106	25	42	8	8
ptsP	11219	12120	11415	13302	8905	12482	6705	13230	70	106	29	26
punC	310	240	166	100	221	286	141	266	4	3	0	0
punR	41	46	40	37	35	54	40	84	1	3	0	0
purA	1457	2011	2378	2743	1060	1832	1628	4946	77	88	39	29
purB	104	168	525	402	90	192	422	1302	12	8	5	2
purC	106	120	200	180	76	130	137	366	7	7	0	2
purD	55	79	242	228	54	97	171	547	6	11	1	4
purE	15	22	47	31	11	16	32	45	2	2	0	0
purF	40	63	144	97	41	56	115	286	1	2	0	1
purH	247	333	682	602	169	351	404	1158	5	5	3	1
purK	31	41	103	58	29	41	72	114	1	1	0	1
purL	183	236	721	721	158	258	549	1209	8	10	3	0
purM	49	75	206	123	35	78	107	314	3	3	1	0
purN	89	116	272	213	99	138	171	379	2	2	3	2
purR	252	267	749	640	201	304	469	1065	4	8	2	0
purT	36	46	163	129	25	67	92	134	2	2	2	2
purU	522	582	1063	815	459	688	863	1577	5	4	1	3
putA	2420	4261	3407	4408	1052	2006	2135	7044	17	6	5	12
putP	4865	4937	7352	7529	2976	3113	5487	7058	17	2	5	1
puuA	142	124	106	90	71	91	60	200	1	2	0	0
puuB	129	158	16	7	48	69	4	21	0	1	0	0
puuC	167	185	25	32	70	94	19	24	5	3	0	3
puuD	16	22	35	18	13	10	18	50	1	0	0	0
puuE	142	143	11	10	34	63	9	25	1	2	1	3
puuP	427	346	157	132	311	256	88	118	0	0	1	0
puuR	22	26	46	36	13	21	32	75	1	2	0	2
pxpA	439	588	387	463	325	456	254	600	10	15	3	2
pxpB	1470	1559	1140	1275	953	1229	573	1116	9	17	6	1
pxpC	842	1006	681	751	561	734	403	874	12	21	9	2
pykA	1275	1912	1119	1219	754	1617	838	2391	64	72	23	22
pykF	594	1015	615	509	454	944	434	1475	39	42	18	21
pyrB	109	144	248	244	70	112	153	367	1	3	3	0
pyrC	112	153	413	302	98	136	238	683	4	3	1	2
pyrD	199	297	652	478	205	291	456	875	5	0	0	0
pyrE	25	28	53	53	22	29	62	96	0	0	0	0
pyrF	599	581	890	777	567	653	587	896	3	2	2	2
pyrG	1298	1935	2071	1719	949	1704	1400	3930	35	55	22	13
pyrH	152	236	452	390	150	204	271	771	6	11	3	3
pyrI	49	64	83	87	21	45	62	178	2	2	0	0
pyrL	978	952	3127	2496	707	1041	2694	2278	2	1	0	0
pyrR	238	324	346	338	210	346	199	434	9	5	1	0
pyrS	329	502	731	653	293	483	357	935	16	15	3	9
qmcA	220	273	151	177	155	273	129	294	3	7	1	2
qorA	403	525	123	127	314	449	88	190	7	14	2	3
qorB	52	60	27	23	37	49	34	62	0	1	0	0
qseB	37	25	41	34	23	37	32	42	0	2	1	0
qseC	56	62	46	41	41	57	31	74	0	0	2	0
qseG	59	95	52	38	34	79	34	119	0	3	3	0
queA	93	140	267	185	77	112	179	420	4	1	0	3
queC	246	279	440	382	188	317	344	477	2	1	0	1
queD	24	34	62	49	33	32	41	72	1	0	0	0
queE	2004	2089	2453	2525	1778	2204	1875	2237	9	2	3	3
queF	174	204	188	212	121	180	174	393	3	6	2	4
queG	1156	1434	2013	2218	1003	1368	1106	2396	14	6	7	7
quuD	17	11	15	12	13	13	25	21	0	0	0	0
racC	2	1	9	12	0	3	11	11	0	0	0	0
racR	96	156	212	185	60	130	215	568	6	3	1	0
radA	963	1080	1348	1340	813	999	1018	1508	13	17	3	3
radD	352	451	510	515	228	371	324	613	2	7	4	0
raiA	30071	31648	12494	13146	23530	37360	11204	28488	376	377	178	112
raiZ	17420	17685	5106	5633	13281	21739	4567	14395	210	214	105	65
ral	51	3	0	2	610	1110	3593	14073	31	2	8	8
ralA	94	61	93	69	61	84	110	100	0	0	0	0
ralR	0	0	2	5	0	1	2	3	0	0	0	0
rapA	958	1092	1861	1456	615	942	1427	3092	11	20	2	3
rapZ	1199	1789	1419	1467	843	1540	813	2579	40	43	10	15
rarA	364	516	542	505	258	431	317	980	10	14	4	3
rarD	210	201	376	280	192	194	293	338	2	0	0	0
ratA	580	515	715	613	524	526	492	794	6	2	1	0
ravA	5017	5374	3216	3771	3693	4759	1678	3874	35	62	17	8
rayT	122	161	111	91	86	134	66	136	1	3	0	0
rbbA	1973	2204	1037	1135	1085	1766	745	1537	41	40	17	13
rbfA	65	94	278	245	51	108	239	557	5	5	1	0
rbn	49	62	70	58	50	56	55	128	0	0	0	0
rbsA	960	1597	1910	1999	636	1295	1256	3552	21	21	1	10
rbsB	3674	4683	3401	3900	2540	4097	2195	5569	50	62	23	10
rbsC	4195	4401	4395	4224	2941	4140	2506	4902	44	31	3	6
rbsD	9276	8865	9478	10634	6912	8472	5702	10196	41	19	6	12
rbsK	764	1110	1192	1159	601	931	718	1683	17	23	3	3
rbsR	194	295	380	297	175	252	250	581	4	9	1	3
rbsZ	1673	1833	1572	1518	1581	1843	1815	2454	20	18	11	6
rcbA	2	2	8	5	5	6	4	7	0	0	0	0
rcdA	243	290	426	493	193	254	246	349	2	2	0	1
rcdB	42	42	104	105	18	39	89	157	0	1	0	0
rclA	58	79	17	8	37	59	11	21	0	1	0	0
rclB	1	0	0	1	0	3	2	3	0	0	0	0
rclC	2	2	4	2	0	4	4	14	0	0	0	0
rclR	121	142	49	49	81	108	39	33	2	0	0	0
rcnA	23	28	57	43	28	27	37	57	0	0	0	0
rcnB	431	350	591	483	387	382	778	663	1	1	1	0
rcnR	69	62	95	100	50	71	48	97	2	0	0	0
rcsA	15	19	84	46	8	11	64	99	0	0	0	0
rcsB	695	984	849	912	504	911	739	1732	15	15	7	5
rcsC	420	572	595	540	367	529	323	840	12	10	2	3
rcsD	1234	1508	2157	1822	957	1512	1395	3414	26	44	6	6
rcsF	210	290	348	237	157	297	261	523	6	2	4	2
rdcA	2055	2099	1648	1567	1580	2148	1088	2243	25	28	7	6
rdcB	7163	6140	4270	4696	5507	6294	2047	4575	93	113	34	34
rdgB	138	198	287	245	99	147	172	456	1	5	4	3
rdgC	149	146	254	232	552	570	658	1058	1	3	3	0
rdlA	605	497	597	368	460	611	327	387	0	1	1	0
rdlB	208	196	140	87	139	202	93	123	0	1	0	0
rdlC	125	136	84	69	115	137	74	116	0	1	0	0
rdlD	29	46	35	28	27	53	37	51	1	1	0	0
recA	1501	1847	1974	1841	1000	1562	1303	3448	50	50	13	18
recB	729	1089	1073	1092	548	761	630	1658	17	23	7	2
recC	1097	1346	865	786	789	1109	534	1273	12	22	9	8
recD	449	625	728	872	283	481	383	972	11	9	2	3
recE	64	86	141	159	51	70	83	179	1	1	0	0
recF	87	151	280	211	102	196	310	531	5	5	4	3
recG	669	846	2128	1819	470	647	1707	2927	14	7	2	5
recJ	888	1237	1617	1559	750	1057	1035	2083	18	11	6	4
recN	391	532	464	394	217	432	314	668	10	10	5	3
recO	92	127	194	150	66	115	143	384	4	8	6	1
recQ	132	151	307	233	79	123	203	488	4	4	0	1
recR	473	631	1300	1221	406	624	883	2192	20	24	6	5
recT	41	61	52	50	30	40	37	59	0	0	1	0
recX	9	16	20	21	15	22	26	46	0	0	0	0
relA	7343	7891	5457	6627	5360	7429	2677	6065	38	74	17	20
relB	37	58	48	43	33	69	26	87	0	0	0	1
relE	31	54	47	47	35	61	27	98	0	3	0	0
rem	6	7	21	8	5	11	7	14	0	0	1	0
ren	6	3	2	0	2056	2414	2528	4869	10	0	7	7
renD	20	28	48	32	27	36	33	50	0	0	1	0
rep	285	271	469	376	190	310	334	660	4	2	0	5
rexA	1	0	0	0	53	60	166	288	1	0	0	1
rexB	3	0	0	0	745	919	420	990	4	0	9	9
rfaD	212	366	277	277	128	306	255	716	15	13	7	6
rfaH	10	21	17	14	12	17	12	45	0	0	0	0
rfbA	1320	1788	4762	4063	1149	1673	3018	6482	28	11	1	2
rfbB	2148	2250	5698	4665	1870	2554	4470	6950	19	10	3	2
rfbC	281	368	964	719	249	329	853	1467	5	5	1	1
rfbD	610	885	2006	1441	476	851	1581	3901	19	6	4	2
rfbX	1795	2235	6033	4311	1695	1974	3933	7254	14	10	4	0
rfe	912	837	1286	1084	795	864	919	1315	6	11	5	1
rffC	86	131	285	268	59	96	139	509	2	3	0	1
rffG	133	262	568	502	128	203	334	978	6	15	2	3
rffH	136	180	371	430	100	133	297	612	3	5	1	1
rffM	335	400	751	675	259	421	508	1114	3	4	0	2
rflP	130	160	126	74	203	233	119	224	2	0	2	0
rhaA	4	10	5	6	4	15	2	6	0	0	0	0
rhaB	0	7	4	2	1	5	2	11	0	0	0	0
rhaD	4	8	5	4	9	5	8	11	0	0	0	0
rhaM	5	6	5	6	2	10	3	9	0	0	0	0
rhaR	59	64	46	63	47	49	45	40	1	0	0	0
rhaS	47	53	27	25	29	37	17	31	0	0	0	1
rhaT	14	28	22	21	17	17	16	29	0	0	0	0
rhlB	1404	1859	3297	2634	1191	1829	1908	5016	52	51	7	12
rhlE	105	186	179	123	83	190	146	347	4	2	1	3
rhmD	46	87	23	23	50	65	10	29	1	1	1	0
rho	1225	1802	3011	2167	845	1797	1943	6103	74	71	28	26
rhoL	307	375	469	352	233	372	454	807	7	5	5	3
rhsA	199	275	147	198	154	221	94	245	3	9	2	0
rhsB	254	388	195	196	237	302	145	286	3	8	0	1
rhsC	170	268	162	165	154	280	133	295	3	4	0	4
rhsD	194	262	182	176	117	257	124	224	2	4	0	0
rhsE	25	56	29	31	31	51	39	49	0	2	0	1
rhtA	283	293	431	364	274	278	223	358	1	1	0	0
rhtB	48	66	63	69	40	44	44	68	1	1	0	0
rhtC	445	407	531	473	382	401	282	456	1	4	0	3
ribA	121	166	182	209	123	136	173	323	2	3	0	0
ribB	452	484	472	379	302	500	316	928	12	21	11	7
ribC	147	196	209	166	120	186	143	350	2	4	2	1
ribD	634	975	720	657	468	830	534	1176	14	28	12	6
ribE	244	373	316	276	183	326	228	636	8	12	4	3
ribF	1868	1743	3509	3063	1521	1722	2873	3427	11	16	3	5
ridA	855	1230	1402	1289	622	1182	859	2904	49	36	17	15
rihA	2193	3195	3258	2858	2072	2988	1717	3889	44	32	10	11
rihB	11	7	6	6	11	15	3	4	0	0	0	0
rihC	1395	1564	669	717	814	1309	310	950	28	34	16	14
rimI	45	80	90	57	17	58	85	204	3	4	0	1
rimJ	316	407	283	250	218	308	145	379	3	6	2	2
rimK	268	313	350	374	193	294	296	466	1	3	1	0
rimL	53	94	62	79	40	54	69	121	2	2	0	0
rimM	181	319	1278	1295	152	317	889	2269	37	33	12	14
rimO	123	114	489	390	97	147	484	732	4	4	1	0
rimP	1523	1734	1904	1708	1316	1623	1523	3111	16	30	6	2
rirA	7	13	22	16	11	18	13	53	0	0	0	2
rlhA	152	173	266	259	97	178	245	456	3	2	1	6
rlmA	184	194	377	349	165	174	246	431	0	2	0	0
rlmB	691	741	699	607	494	684	435	946	11	7	2	1
rlmC	51	44	69	45	27	36	67	104	1	1	0	0
rlmD	599	840	553	608	516	703	344	866	9	16	6	0
rlmE	299	301	409	389	227	307	398	766	7	14	5	1
rlmF	45	58	51	57	19	46	47	83	1	0	0	0
rlmG	72	87	119	100	55	92	86	205	3	0	1	0
rlmH	93	120	225	159	60	92	137	382	4	0	0	0
rlmI	196	202	508	399	160	216	355	606	5	8	2	0
rlmJ	457	700	558	561	352	574	426	1164	13	23	4	6
rlmL	332	536	996	851	327	559	727	1917	9	12	6	3
rlmM	239	277	340	331	170	222	255	521	7	4	1	2
rlmN	76	109	280	186	61	107	203	465	2	9	3	0
rlpA	166	245	461	389	115	184	304	821	5	3	3	1
rluA	177	164	454	500	144	167	295	604	0	0	1	2
rluB	172	192	487	438	125	195	352	760	7	6	2	1
rluC	213	200	435	335	209	211	274	472	1	4	0	5
rluD	558	708	719	623	365	646	465	1084	12	15	2	4
rluE	100	153	134	124	76	115	112	310	1	5	0	0
rluF	185	207	192	199	129	212	207	364	2	4	1	0
rmf	4451	5056	3281	4145	3485	4932	2116	2727	32	35	11	3
rmuC	669	830	1104	999	461	761	592	1508	20	9	6	1
rna	257	307	393	386	197	280	296	406	4	4	1	4
rnb	244	303	995	784	184	330	759	1820	11	5	6	3
rnc	131	180	195	111	92	131	153	368	7	5	1	0
rnd	228	278	465	329	194	266	282	756	4	1	0	0
rne	3363	4614	4165	3561	2289	3856	2491	6886	111	159	40	33
rng	766	916	1587	1699	533	766	1154	2215	11	12	4	3
rnhA	205	292	266	279	166	250	196	396	1	0	0	2
rnhB	270	322	385	310	203	290	213	600	9	11	1	1
rnk	32	47	52	33	27	49	47	99	0	2	0	0
rnlA	549	795	679	495	546	751	542	922	2	12	2	6
rnlB	320	394	470	321	272	380	217	470	4	1	2	4
rnm	89	121	179	123	84	118	118	267	1	5	1	0
rnpA	208	258	611	406	159	259	383	1459	19	17	6	2
rnpB	1398	1826	989	1970	1333	2093	1420	3322	502	421	371	221
rnr	3712	4595	3823	4257	2961	4274	2081	5718	71	100	31	37
rnt	37	62	107	89	49	74	59	195	2	6	1	0
rob	1159	1448	1051	989	898	1343	684	1758	48	38	16	6
rodZ	1336	2164	1991	1725	1063	1736	1179	3258	40	56	16	15
rof	332	343	234	216	294	395	123	375	5	8	3	2
roxA	1070	1194	1154	1135	796	1154	774	1497	24	19	8	7
rpe	165	218	252	269	113	151	148	461	1	13	1	1
rph	1436	1162	3667	2986	1056	1318	2265	2780	4	2	0	0
rpiA	599	593	474	522	360	480	420	918	11	6	4	1
rpiB	247	209	519	568	226	195	321	348	0	0	1	0
rplA	589	1173	7180	7020	501	1174	6211	17012	73	24	9	13
rplB	242	672	6592	6116	287	854	4754	17929	112	63	13	16
rplC	845	1965	17869	17215	1154	2165	10441	33439	160	88	27	46
rplD	1049	2853	22907	23816	1379	3089	12935	46171	218	112	43	49
rplE	500	1001	3396	2900	452	1187	2605	8257	101	120	38	28
rplF	519	1057	4112	3527	535	1326	2753	9111	115	149	42	27
rplI	171	238	1662	1282	181	306	1351	3033	18	18	6	3
rplJ	862	1189	8041	6982	607	1475	5852	20303	126	62	40	18
rplK	869	1484	8545	8850	771	1406	8051	17009	44	20	11	16
rplL	4718	5005	32892	33485	4418	5538	23412	47087	120	40	22	28
rplM	200	430	1662	1393	255	420	1103	3102	31	18	11	11
rplN	462	788	2773	2295	404	965	1955	6540	92	73	30	35
rplO	308	599	2678	2563	266	541	1798	5414	43	51	17	22
rplP	300	702	5856	6339	285	727	3119	14068	88	53	20	17
rplQ	278	447	1975	1704	205	452	1429	4417	40	41	22	13
rplR	235	393	1856	1600	201	431	1703	4038	51	42	14	21
rplS	280	437	2449	2086	296	378	1616	2996	21	11	6	4
rplT	470	829	2262	1653	526	1006	1542	5589	45	42	18	16
rplU	489	677	1691	1323	335	654	1357	3919	24	16	9	4
rplV	372	796	7968	8021	402	1022	4528	16875	85	56	17	11
rplW	450	1415	10108	11487	628	1663	5743	24285	131	92	29	10
rplX	144	319	1142	864	166	365	1011	3150	23	45	19	10
rplY	266	397	1720	1559	263	402	1392	2784	17	11	6	4
rpmA	280	407	1183	753	208	405	797	2690	16	21	7	5
rpmB	114	159	330	228	104	149	288	795	17	5	4	9
rpmC	251	466	3943	4296	223	509	2104	8830	58	30	12	6
rpmD	160	320	1217	1096	140	251	869	2676	27	28	8	5
rpmE	103	164	449	422	67	150	396	938	11	8	4	1
rpmF	217	194	878	649	146	242	565	1287	11	6	4	0
rpmG	139	179	415	294	124	211	297	884	12	14	11	5
rpmH	251	309	999	673	194	297	760	1861	24	15	9	6
rpmI	481	625	1828	1223	458	633	1114	3022	17	16	13	8
rpmJ	329	456	1737	1775	321	418	1416	2475	22	12	6	1
rpnA	14	22	18	16	23	19	24	35	1	0	1	0
rpnB	21	38	34	44	19	22	20	46	1	0	0	0
rpnC	449	452	547	634	430	589	395	508	3	1	0	1
rpnD	72	88	59	93	58	67	52	103	0	0	1	1
rpnE	118	241	65	81	125	198	33	108	4	14	2	2
rpoA	728	1305	4771	4438	587	1231	3270	10841	157	175	81	56
rpoB	3585	5559	18036	17391	2502	5410	12025	38244	252	266	57	66
rpoC	2876	4497	12468	11942	1630	3527	7465	28318	215	196	63	77
rpoD	699	1024	1775	1631	425	946	1365	3965	39	43	16	11
rpoE	2177	2424	2912	2955	1974	2343	1945	3651	20	16	3	6
rpoH	720	1080	1157	944	551	1000	854	2510	45	57	11	18
rpoN	2258	3299	2824	3137	1403	2755	1862	5355	89	125	23	22
rpoS	47420	44286	39637	36355	28968	39338	23757	49912	214	111	34	42
rpoZ	371	520	687	638	258	472	479	1344	14	15	7	5
rppH	6783	6250	7684	9579	5355	7052	5572	6843	27	11	3	2
rprA	2019	1894	1578	1096	2402	3466	1319	1982	0	2	0	0
rpsA	1551	2118	8013	7465	1128	1917	6086	16543	172	124	63	56
rpsB	386	493	1847	1906	257	478	1727	4155	42	42	16	9
rpsC	395	905	9862	8645	452	1261	4938	24493	131	114	30	38
rpsD	784	1297	4571	4031	607	1451	2961	10696	137	135	56	37
rpsE	287	579	2954	2627	301	715	1963	6912	86	78	24	37
rpsF	2375	3199	22989	21010	2522	3250	17561	23353	88	68	21	32
rpsG	883	1226	4562	4264	833	1148	3650	8697	57	59	29	20
rpsH	729	1406	4552	3812	682	1514	3290	11035	136	157	49	36
rpsI	125	245	974	850	144	287	691	2181	37	17	9	11
rpsI_3'	17	25	165	160	22	54	102	404	7	3	2	1
rpsJ	911	2145	19922	19259	1048	2721	10627	40569	179	91	46	50
rpsK	914	1346	3891	3338	692	1135	2627	6176	52	72	22	17
rpsL	157	247	1428	1149	167	299	1194	3195	18	23	10	11
rpsM	925	1359	3724	3697	684	1450	2404	7736	119	84	34	29
rpsN	465	891	2989	2692	496	1060	1892	6370	71	96	27	26
rpsO	218	322	1233	1025	196	371	933	2683	20	10	6	4
rpsP	263	338	1377	1150	179	346	822	2451	32	27	15	6
rpsQ	151	223	2141	2046	118	294	1341	5236	38	15	22	7
rpsR	163	256	1332	1179	117	272	1078	2933	16	6	4	10
rpsS	530	1148	10292	10266	667	1438	6028	22710	113	69	29	29
rpsT	677	841	3117	1650	568	941	2368	6041	23	5	10	8
rpsU	864	1038	2784	1627	784	1089	1832	5689	14	19	12	15
rraA	1258	1509	1123	1544	1015	1433	832	1713	47	36	12	20
rraB	4330	5270	4000	4728	3205	4627	2333	5260	38	22	7	14
rrfA	0	0	7	2	2	2	1	6	4	1	0	0
rrfB	1	3	2	5	1	1	5	4	1	1	0	1
rrfC	6	2	5	8	2	3	9	10	0	1	0	0
rrfD	5	3	2	9	3	5	14	10	0	12	0	0
rrfE	1	2	1	4	1	2	5	6	0	0	0	3
rrfF	0	1	3	6	4	2	3	11	0	13	0	1
rrfG	4	3	2	5	1	2	4	7	1	2	3	0
rrfH	6	3	2	4	3	1	7	9	1	0	0	3
rrlA	2844	2767	1699	3410	3247	3564	1951	4068	1179	983	539	402
rrlB	2313	2119	2209	2743	2533	2557	1823	3781	1151	827	466	429
rrlC	3070	2774	2222	3429	3630	3912	2005	4703	1649	1042	659	548
rrlD	1289	1263	4523	1465	1019	1380	1797	1897	1784	1008	227	651
rrlE	2080	2077	3196	2739	2308	2636	1806	3435	1229	901	475	396
rrlG	1294	1632	990	1611	1187	3269	1302	2123	652	542	244	249
rrlH	2074	2200	1826	2649	1961	2468	1714	3383	1059	778	382	335
rrrD	0	2	6	6	4	3	5	10	0	0	1	0
rrrQ	6	1	14	9	9	18	10	40	0	1	0	0
rrsA	627	685	579	870	522	784	675	1079	288	265	118	69
rrsB	641	684	578	901	532	784	737	1073	330	276	114	89
rrsC	694	781	626	928	619	829	779	1322	327	280	121	95
rrsD	498	518	446	776	487	575	508	864	271	186	105	99
rrsE	689	692	567	917	594	788	830	1137	342	295	115	97
rrsG	460	655	412	658	420	548	516	778	232	203	83	63
rrsH	740	836	617	988	639	836	860	1219	336	296	112	84
rsd	236	275	298	353	168	230	179	513	1	5	2	3
rseA	443	718	1048	946	350	654	807	2431	30	33	13	10
rseB	390	537	747	637	249	470	517	1268	19	19	2	7
rseC	109	155	191	142	73	108	156	317	3	4	0	1
rseD	2225	2046	2151	1789	1889	1953	1444	2115	1	5	1	1
rseP	628	820	985	800	496	778	677	1481	18	22	9	10
rseX	42	60	42	27	43	49	19	37	0	0	0	0
rsfS	117	135	255	171	86	123	186	355	1	2	1	0
rsgA	1379	1631	1868	1687	923	1413	1321	2732	21	24	12	7
rsmA	999	1137	1224	1075	807	1175	732	1926	23	17	10	3
rsmB	695	1022	612	625	548	959	416	1296	17	21	10	7
rsmC	49	55	74	55	38	44	55	151	2	2	1	0
rsmD	90	132	145	173	70	108	108	229	0	8	1	0
rsmE	483	625	553	549	381	549	349	854	7	16	3	4
rsmF	69	86	113	93	48	49	120	141	0	2	0	1
rsmG	204	223	438	354	185	256	353	749	2	0	0	0
rsmH	4184	4309	3271	3472	3078	4043	2270	3855	26	23	6	5
rsmI	341	278	401	408	259	309	293	477	0	3	0	0
rsmJ	47	80	118	83	39	57	82	170	2	2	0	1
rspA	12	18	40	25	8	8	16	41	0	0	0	0
rspB	9	5	12	19	3	6	11	23	0	0	0	0
rspR	780	1176	1830	1423	644	1152	875	2231	10	8	3	2
rssA	2135	2512	1465	1698	1759	2265	838	1385	18	23	3	2
rssB	800	1078	580	680	701	1057	307	696	16	16	5	5
rstA	43	43	76	61	23	33	61	149	1	3	0	1
rstB	42	65	103	96	46	49	87	160	0	3	0	0
rsuA	404	626	1101	759	342	517	535	1303	4	5	2	3
rsxA	461	401	2029	1367	423	440	1420	1446	3	2	1	2
rsxB	67	65	240	190	42	51	163	318	3	1	0	0
rsxC	157	235	1266	1078	151	223	1133	1965	3	2	3	0
rsxD	61	94	624	543	57	105	494	1009	6	1	0	1
rsxE	22	43	322	290	23	36	194	399	1	2	0	0
rsxG	49	65	486	475	36	59	301	715	3	5	2	1
rtcA	394	368	283	255	300	362	177	244	1	2	1	0
rtcB	779	727	462	461	580	758	353	539	2	0	0	3
rtcR	34	43	41	37	28	37	22	43	2	0	0	0
rttR	19	23	20	17	8	12	34	47	1	0	0	0
rusA	1	3	2	0	3	1	0	1	0	0	0	0
rutA	1	2	1	0	1	2	1	0	0	0	0	0
rutB	1	1	0	2	1	0	1	1	0	0	0	0
rutC	0	1	3	2	1	1	0	4	0	0	0	0
rutD	3	4	5	3	3	1	4	5	0	0	0	0
rutE	3	4	3	4	3	4	2	6	0	0	0	0
rutF	5	13	6	8	4	10	3	6	1	0	0	0
rutG	169	148	113	101	149	113	55	94	2	0	0	0
rutR	66	71	79	72	58	76	100	126	1	4	1	1
ruvA	449	464	697	668	336	442	412	784	7	10	4	4
ruvB	634	755	901	872	500	646	473	982	8	10	3	6
ruvC	106	156	336	332	69	153	244	799	3	14	1	2
rybA	260	422	563	456	191	351	443	891	5	9	7	3
rybB	36357	24419	39904	45375	31938	32315	35293	63647	13	8	10	6
rydB	18	25	11	13	20	15	18	40	0	1	0	0
rydC	209657	157706	507509	218699	214119	246112	401711	424129	220	23	62	57
ryeA	448	442	390	523	362	434	434	447	1	1	2	0
ryeG	626	690	1268	858	676	828	950	1951	3	0	0	0
ryfA	25	24	33	34	33	23	33	51	1	3	2	0
ryfD	1551	2079	1864	1268	1574	2169	1613	3730	97	121	116	47
ryhB	2873	1514	1994	1808	1366	1920	1267	2410	1	0	0	1
ryjA	20	16	21	17	16	25	13	18	0	0	1	0
ryjB	467	439	340	341	441	431	366	364	5	12	6	5
rzoD	1	1	2	2	168	292	98	319	1	0	6	1
rzoQ	2	2	3	2	7	3	7	6	0	0	0	0
rzoR	4	3	4	0	242	391	127	317	2	0	13	4
rzpD	1	2	3	4	201	366	144	390	3	0	6	2
rzpQ	6	2	5	3	13	4	11	13	0	1	0	0
rzpR	4	3	5	0	255	400	137	329	2	0	14	4
sad	138	163	133	125	85	130	90	213	3	3	0	0
safA	0	0	0	0	0	1	0	0	0	0	0	0
sanA	284	264	334	283	272	292	240	336	2	0	0	0
sapA	409	498	411	385	294	435	316	696	7	10	5	2
sapB	155	173	222	175	104	156	132	262	1	3	0	0
sapC	141	189	269	239	109	174	173	387	3	6	1	0
sapD	98	156	200	228	77	142	143	390	0	7	1	3
sapF	91	133	189	180	50	97	108	426	2	3	1	4
satP	203	202	227	238	150	196	148	233	1	0	0	0
sbcB	893	1196	1078	1167	660	974	626	1522	21	20	4	2
sbcC	575	814	1032	1044	422	686	683	1445	8	13	2	4
sbcD	86	134	142	95	82	112	82	258	5	2	1	2
sbmA	1540	1405	1854	1553	1309	1438	1481	2055	2	3	0	3
sbmC	1025	1170	807	983	754	1063	373	662	10	19	2	4
sbp	228	308	236	250	226	317	157	418	1	4	2	1
scpA	21	22	19	14	13	25	7	49	0	2	0	0
scpB	6	13	17	4	5	9	17	17	1	1	0	0
scpC	18	34	21	24	16	31	9	29	0	2	0	0
sdaA	522	881	572	509	384	669	456	1126	20	25	5	4
sdaB	354	485	3419	3081	251	459	2679	6278	29	17	8	5
sdaC	369	498	2196	1722	223	491	2164	5318	29	23	6	2
sdhA	2079	2422	7847	7496	1064	1588	5128	14894	55	39	17	14
sdhB	630	808	1984	2122	346	522	1485	4227	16	12	5	6
sdhC	1107	936	5389	4083	748	875	3596	4712	5	5	2	1
sdhD	666	608	2437	2036	414	447	2062	2816	4	2	3	2
sdhE	965	1062	1173	1114	843	1053	833	1346	8	6	1	6
sdhX	57653	66948	58690	39864	47036	77704	52129	80391	148	48	19	31
sdiA	124	132	156	99	116	130	89	153	1	1	1	0
sdsN	654	517	843	583	579	589	701	740	2	0	0	1
sdsR	38635	31971	5020	3063	40198	46980	4103	4966	12	4	3	3
secA	3578	5614	5093	4334	2567	5019	2812	9744	83	114	35	42
secB	1440	1754	1915	1622	1048	1556	1407	3189	27	14	4	5
secD	1468	1766	2793	2533	983	1483	2053	4446	17	40	15	12
secE	389	422	679	540	278	402	457	973	8	11	1	2
secF	321	393	663	574	248	337	560	1170	8	14	3	0
secG	168	205	272	238	125	225	193	671	5	11	4	4
secM	3048	3868	4592	3543	2756	3902	2630	6623	44	43	19	16
secY	2037	2917	11184	11824	1690	2529	7224	17004	195	171	71	50
selA	1045	1192	835	980	798	1143	455	1222	19	38	6	7
selB	1264	1615	976	1135	1000	1358	538	1322	24	36	10	8
selC	120	93	87	186	144	139	165	201	75	89	58	38
selD	1797	2109	1659	1941	1213	1671	1136	2279	23	33	10	8
selO	507	652	1165	1096	414	570	896	1757	10	7	2	2
selU	62	93	109	71	59	90	48	158	1	1	2	0
seqA	306	407	425	380	196	284	353	719	2	6	2	1
serA	1865	2092	3251	3024	1315	2006	2324	4281	17	13	2	9
serB	265	288	393	393	159	238	268	527	3	4	0	2
serC	1285	1453	2041	1752	1001	1331	1420	2384	15	9	3	0
serS	3237	4213	3149	3444	2399	3948	2118	5769	149	156	51	44
serT	1028	1280	1003	2033	1671	1384	2439	3052	890	835	952	358
serU	46	43	59	116	82	68	154	140	31	49	20	17
serV	561	602	401	1174	906	627	1208	1659	600	443	606	217
serW	2440	2421	1343	7283	4855	3207	2531	7494	3258	3294	3777	1217
serX	1459	1501	887	4483	2503	1877	1648	4151	1567	1686	1823	668
setA	174	248	196	156	153	206	173	222	4	0	2	0
setB	335	390	655	602	349	400	301	530	3	2	3	2
setC	10	11	11	8	15	17	15	13	0	0	0	1
sfmA	1	0	0	0	0	1	0	0	0	0	0	0
sfmC	0	0	0	0	0	0	0	0	0	0	0	0
sfmD	8	12	14	10	8	13	19	21	1	0	0	1
sfmF	28	23	73	58	45	35	45	56	0	0	0	0
sfmH	0	0	0	0	1	1	0	1	0	0	0	0
sfsA	886	1184	503	554	741	1135	252	672	15	18	10	5
sfsB	4	11	20	10	6	13	9	32	2	0	0	0
sgbE	5	16	4	6	8	14	9	18	0	0	0	0
sgbH	9	24	8	6	11	15	9	19	0	1	0	0
sgbU	29	39	13	13	13	25	10	19	0	1	0	0
sgcA	39	53	11	16	26	81	7	27	2	4	3	1
sgcB	11	17	2	2	13	20	5	8	1	1	0	1
sgcC	82	99	23	38	41	99	11	33	0	1	2	2
sgcE	34	49	12	8	45	40	13	14	1	2	0	1
sgcQ	22	39	5	10	10	33	4	8	1	0	1	0
sgcR	16	20	12	8	30	37	10	22	0	0	0	0
sgcX	57	65	16	19	43	90	17	41	2	2	2	3
sgrR	362	439	401	358	267	341	203	471	10	11	4	0
sgrS	11249	9874	6613	4181	9595	13097	3926	6868	5	1	2	4
sgrT	2559	2276	1415	968	1949	2405	1014	1657	3	0	2	2
shiA	1665	1442	2537	2130	1444	1551	1476	2014	5	4	1	4
shoB	3	1	1	3	1	3	4	4	0	0	0	0
sibA	223	207	121	106	240	256	115	119	16	8	17	2
sibB	2000	1765	1431	1773	1609	1688	1051	1096	49	29	59	22
sibC	24	27	27	34	30	27	29	51	6	2	3	0
sibD	209	228	128	129	130	175	137	172	2	8	4	0
sibE	100	78	88	62	75	87	67	111	10	18	9	2
sieB	0	3	4	5	6	3	10	3	0	0	0	0
sixA	45	73	62	59	35	69	45	137	2	1	0	1
skp	1092	1589	2104	2081	838	1348	2038	4371	34	29	8	7
slmA	358	366	1036	879	296	390	656	1268	9	2	0	1
slp	3	3	2	0	0	8	1	13	0	1	0	0
slt	734	882	527	638	485	668	408	854	15	14	4	4
slyA	311	492	506	440	243	472	336	996	2	7	2	0
slyB	815	885	685	642	647	864	597	866	9	12	3	6
slyD	707	811	744	722	421	637	576	1489	25	26	4	10
slyX	61	61	53	39	41	39	39	93	1	2	0	0
smf	425	536	375	431	320	503	237	565	6	11	0	0
smg	1893	2434	1949	2226	1544	2033	1105	2242	25	34	9	5
smpB	2820	3008	3103	2204	2701	3442	1982	4383	22	16	5	4
smrA	42	37	37	25	19	33	29	79	1	1	0	1
smrB	1780	1662	2371	2689	1559	1940	1765	2443	7	5	5	0
sodA	1623	1935	2195	1952	975	1617	1871	4320	40	33	12	8
sodB	5949	8811	9522	8138	4782	9143	6082	16684	142	98	39	54
sodC	408	596	229	272	284	527	107	424	12	11	1	6
sohB	956	1102	1216	1227	813	1137	740	1399	7	10	1	5
sokA	0	0	1	1	2	0	0	1	0	0	1	0
sokB	190	215	216	200	197	273	174	317	10	20	9	2
sokC	109	71	27	30	67	65	48	86	2	0	3	0
sokE	105	150	192	110	121	152	292	173	0	1	0	0
sokX	39	28	77	36	51	37	72	52	0	0	0	0
solA	298	323	404	295	347	419	466	626	5	2	1	1
soxR	14	13	22	12	13	15	13	30	1	0	1	0
soxS	408	399	496	351	303	440	566	1197	3	1	2	1
speA	673	941	1399	1248	487	959	1042	2877	30	48	9	8
speB	194	271	231	264	163	249	193	407	7	7	3	0
speC	407	457	761	736	378	499	549	836	4	4	1	2
speD	224	321	1292	994	230	357	850	2593	13	7	1	1
speE	185	237	873	690	135	213	658	1647	4	4	0	0
speF	4	4	4	8	5	4	4	9	1	1	0	0
speFL	0	0	0	0	0	1	0	0	0	0	0	0
speG	214	347	353	288	158	299	225	807	7	5	2	1
spf	73147	74867	107092	52204	78813	91739	94286	133492	129	18	26	28
spfP	72381	74064	106349	51659	77963	90899	93545	132368	129	18	25	28
spoT	504	648	1165	938	298	607	771	2265	27	29	7	9
sppA	948	987	1488	1498	722	866	872	1599	6	2	1	3
spy	56	80	72	54	76	104	66	219	0	3	1	1
spy_3'	15	11	10	4	9	20	10	18	1	2	2	1
sra	515	594	234	159	481	730	155	440	1	7	1	4
sraA	2	2	1	1	1	2	0	2	0	0	0	0
sraB	11	15	24	21	15	18	37	49	1	0	0	0
sraG	1	0	4	0	1	1	1	1	0	0	0	0
srkA	353	363	535	438	322	398	518	1226	13	7	7	4
srlA	780	1106	611	708	891	1285	380	502	7	21	7	3
srlB	229	406	72	88	207	444	50	82	12	12	3	4
srlD	580	1012	111	115	435	974	70	168	8	23	11	4
srlE	985	1435	345	523	854	1468	148	428	30	32	15	9
srlR	705	878	387	538	473	791	242	544	14	16	10	8
srmB	638	645	1106	1013	427	777	876	1767	10	16	4	2
sroA	79	75	59	85	92	81	69	80	1	2	0	0
sroC	620329	457939	481245	464935	408773	549057	307610	382935	425	46	86	208
sroD	8998	7569	3219	2503	6161	7148	2966	2726	1	0	3	10
sroE	144	201	287	212	171	171	166	455	1	3	0	0
sroH	3999	3168	3008	2395	3825	3704	2072	2122	8	6	6	4
srsR	24	34	30	32	24	48	28	49	0	0	1	0
ssb	264	294	469	388	253	339	479	927	8	7	1	4
sseA	993	1072	717	846	677	941	500	1098	21	29	7	8
sseB	407	486	980	1077	241	350	485	1593	10	14	2	1
ssnA	94	144	9	10	133	210	3	17	18	19	4	6
sspA	619	850	780	654	514	751	446	1530	48	44	14	11
sspB	330	447	380	283	250	365	253	713	16	14	6	12
ssrA	2364	1932	1719	3539	3259	2565	2523	3573	1495	1214	784	706
ssrS	1225	1117	862	1402	1246	1245	1306	1584	440	562	413	208
sstT	10561	9906	17241	16891	8566	9938	12134	13795	37	9	4	24
ssuA	2	2	1	1	1	4	1	4	0	0	0	0
ssuB	31	27	26	42	25	33	21	45	0	2	0	0
ssuC	3	11	4	7	4	5	10	10	0	0	0	0
ssuD	2	15	11	10	8	10	12	15	0	0	0	0
ssuE	0	2	0	2	1	5	2	2	0	0	0	0
stf	16	0	2	0	7333	10294	2326	5593	20	1	535	119
stfE	1	2	0	0	0	1	0	6	0	0	0	0
stfQ	6	4	6	3	5	13	8	19	0	0	0	0
stfR	50	44	44	47	29	59	41	81	0	0	1	0
stfZ	1	0	0	0	1	0	0	1	0	0	0	1
sthA	1285	1525	2793	2691	881	1352	2531	6154	43	28	9	17
stpA	14	9	28	21	11	17	66	58	0	0	0	0
sucA	24362	30112	32610	33462	11659	20953	17093	53911	265	310	72	78
sucB	20333	29366	23108	23940	10791	21075	11000	43257	292	292	68	72
sucC	22124	31658	20900	21720	11713	22749	12543	41815	241	222	33	57
sucD	42180	52231	39976	35201	25678	40474	19680	67179	244	196	51	112
sufA	72	61	74	70	34	76	46	122	1	2	0	0
sufB	512	635	479	462	281	579	283	822	9	12	4	1
sufC	189	301	205	212	122	303	142	507	2	9	0	2
sufD	271	445	288	313	160	349	188	625	8	16	2	3
sufE	49	69	57	50	34	78	32	126	2	1	0	0
sufS	243	399	248	317	153	334	133	533	13	9	4	2
suhB	49	70	228	114	32	46	203	395	4	2	1	0
sulA	268	317	351	273	209	313	159	478	4	6	2	0
surA	588	1070	941	851	402	832	689	1891	25	62	13	12
sutR	66	66	88	84	38	55	86	125	1	1	0	0
sxy	84	94	53	56	52	96	48	108	1	2	2	1
syd	70	82	70	68	50	84	60	145	1	0	0	0
symE	5	3	7	3	4	3	7	21	0	0	0	0
symR	12	13	22	20	10	19	30	53	0	1	0	0
tabA	995	944	520	532	727	966	337	588	9	10	7	1
tadA	117	147	171	153	75	148	71	211	1	6	0	2
tag	258	272	160	174	191	257	84	235	1	3	1	1
talA	547	881	129	170	357	784	105	219	11	15	10	2
talB	4755	6533	6308	6254	3336	6042	4493	11973	131	124	38	51
tam	183	218	55	70	116	191	38	98	3	1	4	4
tamA	954	1038	994	1075	678	941	748	1426	13	13	6	2
tamB	2457	2573	2531	2824	1790	2405	1899	3098	22	27	7	4
tap	21614	24512	18641	19335	17725	23424	11035	23968	295	638	119	74
tapT	325	322	628	426	289	320	399	595	2	4	1	0
tar	32335	29975	27965	26400	25667	33247	16638	34192	271	520	105	88
tas	678	987	634	587	404	736	461	1074	11	11	5	1
tatA	194	224	248	232	103	210	197	562	10	8	1	3
tatB	552	658	685	753	339	554	417	1344	17	41	4	6
tatC	436	608	655	687	354	548	422	1078	11	15	10	6
tatD	185	254	251	254	175	223	171	344	8	7	0	2
tatE	166	189	178	252	146	210	172	266	1	2	0	0
tauA	3	5	4	3	0	7	8	10	0	0	1	0
tauB	6	11	5	5	0	9	2	9	0	1	0	0
tauC	22	12	16	12	13	20	6	15	0	1	0	0
tauD	15	10	10	8	5	18	14	25	0	0	0	0
tcdA	519	586	840	720	377	513	621	778	5	1	0	0
tcyJ	8988	9401	8582	8524	6780	9197	4732	11723	52	72	14	21
tcyL	788	752	668	560	636	736	451	779	4	4	1	1
tcyN	1217	1294	1122	1199	1016	1341	728	1474	9	7	6	6
tcyP	365	434	427	404	259	335	250	426	3	1	1	0
tdcA	20019	16011	7584	11578	16260	16031	3094	6431	86	98	33	22
tdcB	22196	22664	3782	6422	19570	21813	1120	3772	408	632	155	146
tdcC	19990	19046	2788	3985	20739	19548	726	2310	549	912	230	187
tdcD	3069	3637	190	383	3248	4115	98	296	270	434	108	82
tdcE	2248	2601	139	181	2916	4031	119	245	503	770	219	141
tdcF	153	196	26	29	179	303	17	43	48	72	18	17
tdcG	5139	2931	3997	3234	3716	3953	3299	6487	110	116	42	27
tdcR	4	5	1	1	5	6	4	2	0	0	0	0
tdh	17728	18337	7008	9548	10750	14805	4129	9415	74	56	24	24
tdk	97	91	159	88	124	153	171	219	0	0	0	0
tehA	1233	1287	1498	1604	1072	1256	1138	1545	9	4	0	1
tehB	310	394	392	444	227	346	253	608	3	2	1	1
tesA	158	199	174	135	131	168	81	203	2	3	2	1
tesB	471	533	503	413	415	522	324	505	4	1	1	0
tfaD	5	7	6	7	333	419	160	312	2	0	8	6
tfaE	1	0	1	2	0	0	1	5	0	0	0	0
tfaP	2	0	2	2	2	1	3	2	0	0	0	0
tfaQ	14	12	8	7	147	302	64	169	0	0	15	1
tfaR	12	22	4	10	163	331	78	238	0	0	13	3
tfaS	32	44	34	20	22	49	17	66	1	0	0	1
tfaX	1	2	2	0	2	8	1	9	0	0	0	0
tff	43	109	512	343	30	107	486	1203	16	7	7	6
tgt	662	781	1431	949	653	738	948	1908	8	6	0	3
thiB	154	133	185	151	113	129	112	192	0	2	1	0
thiC	123	132	144	138	83	110	103	210	3	3	2	0
thiD	5	6	14	16	16	11	9	20	0	1	0	0
thiE	46	48	49	33	24	37	29	56	0	2	0	0
thiF	32	35	33	34	12	27	25	39	0	0	0	0
thiG	38	50	43	41	22	32	25	71	1	4	0	0
thiH	42	46	47	48	25	31	25	64	1	2	0	0
thiI	80	153	334	236	73	170	216	547	5	3	1	1
thiK	242	307	251	207	189	256	202	332	4	4	3	1
thiL	197	223	240	210	126	192	192	385	11	6	3	1
thiM	55	52	82	46	47	52	63	87	1	1	3	1
thiP	183	145	357	269	147	155	232	338	0	2	0	0
thiQ	34	48	124	89	28	49	58	147	1	1	0	0
thiS	7	10	13	8	6	8	9	15	0	0	0	0
thpR	23	38	68	49	27	38	38	77	2	2	0	0
thrA	385	433	1518	1405	267	303	1149	2192	8	6	3	0
thrB	666	856	1288	1363	415	716	754	1848	9	14	5	6
thrC	743	845	1327	1231	427	698	782	1801	16	7	6	3
thrL	823	740	2315	1458	739	759	1867	2358	9	0	0	0
thrP	436	472	915	722	325	435	566	1162	2	0	1	0
thrS	4773	6818	8255	7295	3657	6656	5364	15481	192	245	93	65
thrT	1118	1169	2098	2997	1204	1290	2132	2597	601	730	619	205
thrU	1477	1824	1222	2854	2042	1850	1192	3137	1075	1789	1255	338
thrV	818	811	1151	2349	1210	1097	1969	2281	784	1033	853	320
thrW	188	217	194	575	336	304	380	457	186	378	237	79
thyA	1256	1418	2010	1684	1049	1346	1244	2294	18	6	4	9
tig	1631	2101	6542	6119	1147	2105	4153	10875	69	45	19	34
tilS	139	234	200	175	106	200	144	250	6	5	3	1
timP	17	10	25	26	24	15	25	35	1	3	2	0
timR	25	36	26	26	23	36	24	59	0	0	1	0
tisB	26	33	27	18	21	33	20	51	1	3	1	2
tktA	1344	1764	1825	1592	741	1468	1457	4528	65	82	27	25
tktB	814	1328	171	164	527	1047	123	283	12	20	10	7
tldD	1080	1481	1430	1451	783	1282	783	2239	23	17	7	12
tldE	933	1133	854	1004	694	1050	652	1288	11	16	8	5
tmaR	709	778	537	589	481	999	500	1292	11	5	3	0
tmcA	1488	1547	1180	1102	1251	1482	822	1162	12	8	3	3
tmk	178	267	259	244	121	253	206	501	9	4	0	1
tnaA	154069	241553	70327	72153	117136	213805	46956	128189	4746	5079	1783	1792
tnaB	113054	110687	38896	37010	100039	102334	20673	29973	435	421	156	155
tnaC	12190	15711	5074	4946	8948	13603	2754	7003	183	173	86	50
toiL	41	52	94	55	45	30	67	101	3	0	0	0
tolA	530	537	995	1096	360	639	799	1376	3	4	2	2
tolB	5518	5128	18256	17012	4025	4730	12935	16517	28	16	7	14
tolC	1227	1791	1304	1080	879	1611	931	2651	37	66	27	24
tolQ	95	134	170	131	60	114	118	297	2	3	3	0
tolR	56	66	132	95	44	70	72	255	2	3	1	1
tomB	67	103	186	125	80	132	179	382	3	1	0	0
tonB	72	70	336	331	32	67	155	429	0	0	0	1
topA	654	952	2141	1961	459	815	1427	4137	25	24	12	4
topAI	53	57	76	60	40	68	49	150	0	2	0	0
topB	1990	2395	2355	2618	1489	2002	1132	3047	42	47	10	13
torA	45	47	33	48	27	60	39	69	0	0	0	0
torC	17	18	11	14	11	22	8	31	0	0	0	0
torD	29	30	32	29	17	25	8	52	0	1	0	0
torI	114	163	202	145	117	212	131	354	8	3	0	0
torR	22	22	30	24	18	22	28	47	2	1	1	0
torS	100	162	144	127	99	133	83	183	3	3	0	1
torT	162	166	126	187	130	175	67	160	2	1	1	4
torY	4	2	6	7	5	13	7	16	0	0	0	0
torZ	59	71	71	71	41	73	53	161	0	0	1	0
tp2	11	7	11	4	6	11	9	8	0	0	0	0
tpiA	817	1182	572	600	567	1024	398	1399	45	44	20	18
tpke11	41	35	202	116	19	40	169	604	4	1	1	1
tpke70	2	0	1	1	1	5	5	4	0	0	1	0
tpr	19	20	19	17	7	11	29	39	1	0	0	0
tpx	862	1161	1242	1070	612	915	938	2773	37	27	10	6
tqsA	134	155	89	124	122	176	118	139	1	1	0	2
tra8-2	390	547	545	630	309	548	429	816	6	3	0	1
treA	291	399	41	58	188	356	26	68	3	7	3	1
treB	10742	12163	10013	9832	7168	10251	5870	13544	257	369	95	78
treC	8663	12152	8029	8070	5855	9630	4594	13004	224	354	87	68
treF	413	472	152	158	289	485	107	208	4	5	3	2
treR	42	63	62	61	53	43	36	126	1	1	0	1
trg	5350	5877	5109	5647	3984	5712	2619	7071	76	85	19	16
trhA	818	929	857	984	676	755	540	1193	12	12	2	6
trhO	85	84	321	255	60	88	370	521	1	0	0	0
trhP	84	134	219	198	78	123	185	442	4	1	1	0
trkA	310	491	432	395	235	428	312	797	10	16	4	1
trkG	237	238	402	285	234	267	278	377	0	0	0	0
trkH	1450	1592	1628	1414	1167	1382	906	1766	15	15	3	4
trmA	142	153	157	148	75	119	157	316	3	3	1	1
trmB	220	256	280	257	128	233	256	481	7	2	1	1
trmD	163	290	1616	1299	173	379	1064	3128	41	35	10	14
trmH	74	157	325	256	67	138	218	761	14	9	3	1
trmJ	1557	2270	1526	1398	1266	2049	980	2691	37	33	12	11
trmL	28	42	26	11	17	27	14	42	1	0	0	1
trmO	113	153	192	139	78	164	132	410	6	3	2	2
trpA	281	274	242	232	191	187	161	382	7	2	0	1
trpB	414	409	536	459	273	320	294	734	3	6	0	1
trpC	1153	1206	3090	2346	1178	1200	1660	2417	3	7	0	1
trpD	253	282	612	523	241	293	338	516	1	1	0	1
trpE	411	448	1013	1120	544	572	921	1243	6	1	1	0
trpL	143	125	105	89	160	174	64	137	4	0	0	0
trpR	70	85	67	81	49	75	46	143	2	2	0	0
trpS	252	365	476	375	143	295	341	1106	9	10	4	1
trpT	3009	2863	5852	6007	2728	3336	7796	8244	715	605	614	277
truA	3567	3957	6095	6516	3032	3671	4520	5741	15	14	5	2
truB	268	458	970	1028	231	420	592	1698	12	11	4	2
truC	99	120	135	123	88	117	93	209	0	1	2	0
truD	443	695	719	719	339	492	543	1215	6	11	1	2
trxA	1256	1289	1554	1612	890	1252	1518	2087	13	11	3	4
trxB	298	334	1140	949	196	302	1009	2081	7	6	0	3
trxC	175	177	290	233	140	193	255	513	0	5	1	1
tsaB	105	110	281	177	56	96	221	467	3	2	1	1
tsaC	1653	1862	1437	1724	1549	1795	754	1286	9	9	4	2
tsaD	70	94	156	134	79	103	134	242	2	0	0	0
tsaE	251	297	161	167	169	272	128	253	1	9	0	0
tsf	538	805	2912	2867	397	749	1956	6251	52	52	18	29
tsgA	29	29	32	25	13	24	48	52	1	0	0	1
tsr	3336	3723	9085	8826	3020	4445	7610	15170	80	74	30	18
tsuA	17	19	31	42	12	22	23	26	0	0	0	0
tsuB	1	2	7	10	0	6	4	24	0	1	0	0
tsx	703	1121	1151	943	497	938	894	2193	29	11	6	1
ttcA	207	287	551	484	157	269	435	779	3	4	0	0
ttcC	41	36	48	29	43	48	15	81	0	0	0	0
ttdA	0	3	3	5	0	0	1	4	0	1	0	0
ttdB	6	7	6	5	2	3	3	14	0	0	0	0
ttdR	160	180	102	124	126	198	77	117	0	5	0	0
ttdT	4	6	6	4	7	9	6	4	0	0	0	0
tufA	2611	4088	10471	9289	1936	3860	7493	27322	333	236	107	101
tufB	2782	4333	8985	8670	1882	4042	7270	22359	308	231	108	110
tus	137	134	214	186	93	146	120	289	1	1	0	0
tusA	23	32	37	25	21	21	37	42	1	0	0	0
tusB	402	464	526	409	324	431	332	538	4	5	3	0
tusC	383	370	468	349	285	334	305	334	0	1	0	0
tusD	606	595	632	600	425	576	440	614	3	7	2	0
tusE	20	25	54	26	25	38	26	80	1	0	1	1
tynA	35	43	33	37	31	29	21	51	1	0	0	0
tyrA	337	373	399	324	268	403	235	514	5	7	6	1
tyrB	236	330	267	285	168	264	201	499	6	7	1	2
tyrP	150	140	378	268	117	146	289	355	0	0	0	0
tyrR	6146	6708	5359	6697	4662	5964	3223	5806	44	37	12	15
tyrS	1670	1731	3048	2869	1231	1803	1950	4617	29	20	5	4
tyrT	112	109	70	306	342	170	119	460	87	98	265	36
tyrU	171	165	132	353	268	234	187	619	261	160	205	66
tyrV	41	51	237	135	89	56	225	357	280	224	50	107
uacT	41	63	5	12	54	59	5	9	1	2	1	0
ubiA	494	542	1052	993	434	508	770	1032	4	2	2	0
ubiB	1677	2144	1741	1857	1483	1865	1018	2777	42	38	15	5
ubiC	768	716	1359	1104	659	746	1110	1382	5	5	1	2
ubiD	2256	2818	2692	3071	1685	2502	1784	4266	45	65	18	17
ubiE	2565	2910	2062	2117	1960	2499	1265	2438	22	30	13	13
ubiF	542	727	432	450	416	626	315	651	15	19	7	1
ubiG	257	273	441	453	179	236	282	598	3	8	0	1
ubiH	2075	2814	1991	2226	1500	2321	970	2843	47	51	14	13
ubiI	914	1376	980	934	746	1236	545	1519	18	15	8	3
ubiJ	1836	2010	1512	1757	1280	1846	769	2090	17	25	14	7
ubiK	289	379	564	531	287	433	333	923	4	4	3	1
ubiT	808	953	505	622	541	811	378	819	21	17	9	6
ubiU	416	429	180	231	270	458	100	305	7	11	5	1
ubiV	193	255	98	146	110	281	46	175	6	16	9	4
ubiX	29	43	87	59	27	40	59	107	1	0	0	2
ucpA	6345	6757	3560	4683	5348	6302	1981	4334	71	90	38	38
udk	33	62	120	86	41	68	92	297	1	4	1	0
udp	2558	2960	1418	1568	1633	2639	1241	2913	40	42	10	23
ugd	2590	1693	4101	2939	2080	1879	2399	2860	7	1	2	1
ugpA	22	22	9	10	8	10	6	12	0	0	0	0
ugpB	115	90	62	44	34	59	37	73	2	0	1	1
ugpC	188	179	92	116	92	111	71	165	6	1	0	0
ugpE	81	87	38	34	42	59	26	40	0	0	0	0
ugpQ	220	190	89	106	86	142	58	134	2	3	0	1
uhpA	81	101	301	214	64	80	154	370	2	0	0	0
uhpB	86	69	303	222	65	91	217	359	5	3	2	0
uhpC	45	35	174	120	32	44	115	173	0	0	0	0
uhpT	9192	7963	4625	3956	6244	9715	4082	7458	12	6	5	5
uhpU	11104	9501	5274	4464	7145	12050	4360	8294	12	6	5	5
uidA	106	169	55	67	68	119	39	94	1	4	0	0
uidB	36	56	27	34	33	44	16	43	0	0	0	0
uidC	30	41	27	20	33	25	12	24	0	0	0	0
uidR	1020	1186	1135	1343	721	1079	772	1613	4	10	4	3
ulaA	17	18	13	11	11	15	14	32	1	3	1	1
ulaB	8	9	4	5	0	5	3	16	0	0	1	1
ulaC	15	23	14	12	14	16	10	27	0	0	1	1
ulaD	41	52	28	23	24	34	15	41	0	0	0	0
ulaE	35	28	14	20	18	38	13	36	2	2	0	0
ulaF	23	34	15	11	9	32	7	28	0	1	0	0
ulaG	23	22	19	21	17	27	17	33	0	0	0	0
ulaR	182	168	211	218	111	183	121	291	1	5	1	0
umpG	1560	1864	1485	1584	1138	1546	873	1755	21	15	5	4
umpH	506	673	325	305	312	583	226	524	11	12	3	7
umuC	64	51	72	75	37	53	45	97	1	1	0	1
umuD	67	52	92	61	48	67	52	67	1	0	0	0
ung	591	724	569	477	576	682	377	619	2	7	2	2
uof	131	183	285	177	120	201	193	620	2	3	4	3
upp	427	394	832	934	354	509	867	1133	6	4	2	1
uraA	69	88	272	262	72	81	277	421	1	0	0	0
usg	437	689	1077	971	385	555	731	1526	9	5	3	3
ushA	1727	2053	1263	1716	1151	1934	783	1744	13	14	2	1
uspA	13571	11680	4369	4644	9240	11425	2460	5681	114	138	41	44
uspB	349	397	87	76	253	289	76	93	0	2	0	0
uspC	63	69	58	44	49	82	56	83	0	0	0	1
uspD	135	174	85	88	102	196	74	168	4	2	4	3
uspE	6165	7732	3531	4996	5072	7519	2031	5037	67	113	25	41
uspF	1117	1191	360	414	773	1222	278	717	27	33	15	15
uspG	890	1010	202	253	622	997	159	474	14	14	22	10
uup	639	772	2743	3184	585	915	1978	3558	17	15	2	5
uvrA	1204	1961	1564	1469	1012	1894	840	2967	61	60	22	19
uvrB	605	831	665	814	424	732	420	1332	21	22	10	8
uvrC	500	728	763	621	351	672	470	1309	13	31	7	10
uvrD	965	1132	1443	1455	642	1006	911	2321	28	35	12	13
uvrY	399	508	474	453	295	489	414	832	11	10	2	4
uxaA	891	1624	399	612	716	1682	197	853	52	88	23	19
uxaB	1049	1830	665	893	932	1882	453	1784	35	61	17	14
uxaC	2635	4496	1304	2122	1988	4078	604	2372	121	234	41	52
uxuA	858	1266	503	610	667	1203	313	977	32	26	11	6
uxuB	1036	1549	642	776	724	1381	335	1032	29	46	11	14
uxuR	624	843	776	770	514	855	529	1245	10	18	4	2
valS	810	1177	1664	1281	451	931	1191	3528	42	65	18	20
valT	1844	1658	2501	6454	2829	2432	2558	5290	1553	1954	1781	702
valU	10415	8810	19497	17656	13257	11835	15220	18619	2451	2673	2327	782
valV	539	532	730	1377	761	852	760	1311	363	926	300	109
valW	657	667	785	1525	897	997	845	1459	413	1110	461	152
valX	3891	4159	5243	11876	5878	5548	2474	10382	2621	3511	3195	978
valY	1433	1478	1537	5366	2275	2390	1625	4638	1700	2120	1574	624
valZ	1262	1162	1685	4206	1765	1749	1768	3668	1127	1446	1406	453
ves	1001	754	1479	1176	914	935	821	1400	7	5	1	3
viaA	3188	3938	1839	2571	2221	3404	736	2321	28	27	16	16
vsr	102	124	157	114	71	106	83	208	1	4	0	0
waaA	180	208	345	242	169	205	217	488	4	4	1	3
waaB	823	881	1993	1762	560	820	1217	2695	4	1	0	1
waaC	484	681	897	773	410	595	579	1257	12	7	3	1
waaF	772	1082	1066	895	582	962	753	1866	24	17	14	8
waaG	608	751	1249	1010	498	701	986	2015	7	9	1	3
waaH	19	22	33	36	23	17	22	52	1	0	0	0
waaJ	620	767	1354	1051	483	848	1025	2431	7	2	0	0
waaL	292	382	829	425	307	462	730	1414	2	1	1	0
waaO	560	780	1348	1185	447	710	994	2219	9	2	0	1
waaP	721	738	1799	1487	671	911	1225	2549	5	5	0	1
waaQ	451	587	952	788	421	573	659	1397	4	3	4	1
waaS	638	646	1427	1078	557	702	1167	2151	6	0	0	0
waaU	1967	2099	4152	2920	2070	2907	3590	5302	5	2	1	1
waaY	359	526	996	738	305	672	669	2087	7	2	1	0
waaZ	523	691	1257	1030	479	825	1007	2209	5	0	1	1
wbbH	596	1076	1721	1361	523	1009	1209	3817	12	9	0	0
wbbI	1147	1521	3146	3012	1123	1737	2722	4350	10	7	0	0
wbbJ	1653	2236	4868	4385	1710	2313	3295	6252	11	8	1	1
wbbK	1354	1750	4046	3136	1286	1763	2821	5815	19	11	3	1
wcaA	5	2	5	6	1	2	2	9	0	0	0	0
wcaB	7	2	3	10	4	2	6	8	0	0	0	0
wcaC	26	18	15	18	14	19	22	37	0	0	1	0
wcaD	26	13	16	16	10	30	19	26	0	0	0	0
wcaE	0	5	3	4	0	6	3	5	0	0	0	0
wcaF	0	0	0	4	1	0	2	1	0	0	0	0
wcaI	12	11	15	14	7	5	5	17	0	0	1	0
wcaJ	8	8	17	14	6	10	8	20	0	1	0	0
wcaK	17	19	22	22	8	23	20	24	0	3	0	0
wcaL	39	41	49	28	18	30	16	65	1	2	0	0
wcaM	45	45	59	45	32	33	48	75	0	2	0	0
wecB	293	467	665	525	226	461	403	1141	14	18	5	1
wecC	260	389	763	708	175	375	430	1284	10	19	3	7
wecE	176	232	358	322	115	210	199	631	3	3	0	0
wecF	1269	1217	1854	1697	1137	1254	1276	1948	3	3	1	1
wecH	23	30	37	43	42	49	26	43	0	0	1	0
wrbA	2633	3944	278	318	1973	3590	268	478	78	85	27	37
wza	0	0	1	2	0	0	2	9	0	0	0	0
wzb	0	0	3	4	0	4	2	2	0	0	0	0
wzc	6	4	7	9	1	8	7	19	0	0	0	0
wzxC	7	8	8	9	11	5	4	9	1	1	0	0
wzxE	1005	1101	1682	1669	822	939	928	1510	5	6	0	0
wzyE	1659	1650	2887	2264	1520	1692	2007	2811	14	2	0	1
wzzB	897	1083	2449	1705	896	1048	1921	3182	12	15	5	4
wzzE	620	629	688	727	485	678	581	1038	7	14	7	1
xanP	48	40	153	123	30	51	103	146	2	1	1	0
xanQ	42	46	33	28	29	40	30	41	0	0	0	1
xapA	4	4	9	11	4	7	5	12	0	0	0	0
xapB	55	53	64	56	46	61	62	61	0	2	0	0
xapR	51	61	75	53	52	61	44	79	0	0	0	0
xdhA	396	571	111	146	302	505	85	211	21	22	7	3
xdhB	80	141	32	24	70	114	33	42	6	14	2	1
xdhC	35	49	32	14	23	57	9	28	0	2	0	2
xdhD	137	162	68	69	135	244	46	141	19	23	13	10
xerC	419	665	567	611	319	520	390	889	7	9	1	4
xerD	1325	1243	1576	1364	1171	1186	1285	1511	4	5	1	5
xis	25	5	3	4	1231	2373	3919	11637	25	2	8	3
xisD	11	26	24	50	7	23	23	52	0	0	0	0
xisE	1	1	2	3	1	2	3	6	0	0	1	0
xisR	0	2	3	1	0	0	2	4	0	0	0	0
xseA	558	826	1181	686	470	777	606	1576	20	20	4	5
xseB	1365	1431	1704	1959	1077	1430	745	1750	14	18	2	3
xthA	83	102	165	109	68	59	103	265	1	3	0	1
xtpA	3	7	4	2	3	13	5	13	0	0	0	1
xylA	807	826	521	511	665	890	374	609	0	2	0	2
xylB	87	130	50	56	55	117	31	76	2	1	1	1
xylE	486	454	265	245	397	518	204	265	3	1	1	2
xylF	237	244	45	74	138	210	44	82	0	3	1	1
xylG	102	140	62	55	63	114	21	64	2	2	0	0
xylH	181	207	147	90	143	180	88	166	0	4	0	0
xylR	232	233	226	221	174	218	180	304	0	2	2	1
xylZ	1077	1119	556	507	1214	1392	408	636	0	0	0	1
xynR	42	30	35	42	21	31	27	53	1	0	0	0
yaaA	95	109	86	70	61	106	61	193	4	2	0	1
yaaI	1	10	4	1	6	2	2	8	0	0	0	0
yaaJ	3475	3402	1911	2417	3062	3156	1245	1723	3	12	4	4
yaaU	36	38	28	29	24	37	16	29	0	1	0	0
yaaW	13	16	19	20	14	7	11	29	0	0	0	0
yaaX	47	40	65	92	34	66	80	80	0	0	0	0
yaaY	97	110	151	104	71	89	109	125	3	1	0	0
yabI	1196	1179	1460	1406	942	1037	962	1232	3	9	2	1
yabP	61	73	97	73	46	105	90	130	1	1	0	0
yabQ	19	22	34	19	18	27	30	43	1	1	0	0
yabR	0	0	1	0	1	0	1	0	0	0	0	0
yacC	106	166	229	160	104	156	140	455	1	3	0	1
yacG	167	209	187	199	121	202	159	320	6	2	1	2
yacH	8	19	10	13	6	11	8	17	0	0	0	0
yacL	2454	2476	1389	2390	1720	2285	965	1499	11	8	0	2
yacM	0	1	0	0	0	0	1	0	0	0	0	0
yadC	4	5	11	8	8	8	8	30	0	0	0	0
yadE	184	266	240	243	153	222	149	343	2	0	1	0
yadG	193	307	268	250	148	233	202	532	1	6	1	2
yadH	878	880	1063	920	848	813	734	861	3	2	1	2
yadI	134	138	118	128	127	146	75	155	3	1	0	0
yadK	16	19	24	18	20	29	20	17	0	0	0	0
yadL	6	13	13	11	17	20	15	33	0	0	0	0
yadM	21	27	41	25	26	34	20	40	0	0	0	0
yadN	0	2	1	1	2	0	3	3	0	0	0	0
yadS	123	152	173	131	82	138	98	177	2	0	0	1
yadV	1	0	0	3	1	1	3	1	0	0	0	0
yadW	72	63	91	43	41	58	64	127	3	0	1	0
yadX	32	50	31	27	37	49	27	39	0	0	0	0
yaeF	27	18	29	27	13	17	16	43	0	0	0	0
yaeH	273	380	157	144	262	391	143	340	6	5	3	5
yaeI	207	209	234	251	180	187	143	246	2	0	1	0
yaeP	628	612	321	323	494	578	251	459	1	3	4	2
yaeQ	649	707	627	691	538	802	428	686	6	2	2	4
yaeR	105	169	44	43	68	155	56	75	0	10	2	0
yafC	595	546	436	481	436	493	338	469	2	1	0	1
yafD	920	1042	915	937	746	986	577	1384	15	11	1	3
yafE	187	234	159	181	143	203	133	345	1	3	1	0
yafF	30	27	39	17	36	39	40	50	0	0	0	0
yafJ	151	216	174	151	146	179	117	264	2	9	1	5
yafL	227	180	78	61	210	221	51	73	1	0	0	0
yafN	335	321	463	418	207	383	309	475	1	1	0	0
yafO	246	228	372	253	151	225	245	330	2	0	0	0
yafP	33	43	72	44	22	41	47	64	0	1	0	0
yafQ	97	160	231	199	111	157	180	413	2	2	1	0
yafS	226	280	232	255	172	233	182	316	4	2	1	3
yafT	125	127	195	192	98	162	180	230	0	0	0	0
yafU	4	9	15	9	8	14	6	22	0	0	0	0
yafV	204	198	173	213	178	178	127	191	3	6	1	1
yafW	0	0	0	0	1	0	0	1	0	0	0	0
yafX	0	1	0	0	1	0	0	1	0	0	0	0
yafY	233	181	178	134	199	225	159	173	1	1	0	0
yafZ	6	5	3	1	6	16	10	8	0	0	0	0
yagA	8	12	6	9	8	9	5	12	0	1	0	0
yagB	106	107	129	150	84	86	81	190	2	0	0	0
yagE	232	298	123	162	157	281	98	231	3	9	4	1
yagF	415	530	304	368	231	423	193	564	10	17	5	5
yagG	37	39	8	18	23	39	13	23	2	1	0	0
yagH	49	84	34	22	38	77	19	42	1	3	0	1
yagJ	314	394	344	273	303	381	202	346	3	2	0	0
yagK	15	15	21	12	11	9	10	17	0	0	0	0
yagL	5	5	8	6	8	11	9	15	0	0	0	0
yagM	7	8	19	12	8	20	13	39	0	0	0	0
yagN	31	39	83	73	16	48	66	195	2	0	1	0
yagP	4	8	11	6	5	11	6	13	0	0	0	0
yagU	959	817	542	447	780	912	377	486	0	0	1	1
yahB	158	151	227	232	145	150	133	200	0	1	0	0
yahC	16	7	9	2	12	9	1	6	0	0	0	0
yahD	60	66	17	31	70	65	22	35	0	0	0	0
yahE	10	17	10	7	17	13	7	10	0	0	0	0
yahF	11	11	7	9	6	8	3	19	0	1	0	0
yahG	12	20	7	14	9	20	10	13	1	0	0	0
yahH	3	5	0	3	0	4	4	1	0	0	0	0
yahI	16	30	19	19	24	32	17	27	0	1	0	0
yahJ	58	92	71	82	58	73	75	119	2	1	0	0
yahK	172	291	103	74	97	243	59	121	0	6	0	0
yahL	4	2	3	4	0	2	1	3	0	0	0	0
yahM	5	7	4	2	2	9	3	4	0	0	0	1
yahN	1031	1193	445	445	868	1056	320	462	0	3	0	3
yahO	278	390	36	45	222	499	50	67	5	3	0	2
yahV	1	0	2	0	1	1	2	2	0	0	0	0
yaiA	108	172	145	103	62	137	101	298	3	2	2	2
yaiI	116	189	127	117	100	133	105	216	4	1	2	0
yaiL	949	952	908	928	732	1048	678	1146	2	2	0	0
yaiO	31	30	5	18	27	33	10	35	0	0	0	0
yaiP	2	3	3	5	3	8	3	4	0	0	0	0
yaiS	1	1	1	1	0	0	1	0	0	0	0	0
yaiT	3	1	3	1	11	6	7	11	0	0	1	0
yaiU	9	10	14	14	6	17	8	30	0	0	0	0
yaiW	242	275	294	304	180	241	224	453	1	1	1	1
yaiX_1	0	0	1	0	1	1	0	2	0	0	0	0
yaiX_2	1	2	1	5	4	3	0	3	0	0	0	0
yaiY	13	17	16	12	12	17	11	19	0	0	0	0
yaiZ	462	563	842	774	417	477	511	700	2	1	0	0
yajC	2228	2134	3278	2297	2046	2198	2642	3282	11	5	3	0
yajD	167	197	170	155	139	157	132	272	3	4	1	1
yajG	99	98	159	114	67	77	126	328	2	5	2	2
yajI	12	11	12	6	5	13	12	15	0	0	0	0
yajL	192	247	215	206	130	196	138	312	1	2	3	0
yajO	762	1101	488	459	636	920	215	668	17	21	8	7
yajQ	263	231	322	355	152	243	329	473	5	0	1	2
yajR	272	258	537	359	250	253	351	428	0	0	0	4
ybaA	30	23	20	33	29	29	14	31	1	1	1	2
ybaB	568	712	1455	1441	450	644	1142	2125	18	7	1	5
ybaE	218	302	296	249	159	262	137	408	5	10	3	2
ybaK	18	41	34	30	15	39	33	74	0	1	0	0
ybaL	1607	1751	1514	1622	1168	1576	964	1658	15	9	4	3
ybaM	32	44	39	44	28	50	34	57	0	0	0	0
ybaN	45	50	199	138	31	36	96	253	0	1	0	0
ybaP	167	235	182	209	112	172	104	311	0	2	1	1
ybaQ	233	282	192	244	179	299	159	335	0	0	2	1
ybaT	70	84	27	23	56	67	17	39	0	0	0	1
ybaV	2296	1611	1133	1465	1659	1669	515	700	6	4	0	3
ybaY	614	707	275	265	431	608	177	261	2	4	2	3
ybaZ	354	343	303	297	305	308	171	336	1	0	0	2
ybbA	77	115	72	82	47	94	57	133	4	3	0	0
ybbC	38	35	76	56	24	42	59	66	0	0	0	0
ybbD	5	4	2	3	0	6	5	5	0	0	0	0
ybbJ	124	163	82	89	92	137	64	116	2	4	2	2
ybbO	285	378	287	257	235	300	212	371	3	3	3	1
ybbP	291	318	200	178	208	310	160	274	7	7	2	2
ybbY	64	52	37	22	47	55	13	28	1	1	0	0
ybcF	31	26	28	41	17	37	28	32	0	0	0	0
ybcH	47	57	91	75	38	72	72	108	1	1	0	0
ybcI	19	20	25	17	5	21	14	24	0	0	1	0
ybcJ	920	969	943	1180	751	935	472	755	3	4	1	1
ybcK	13	8	13	14	9	22	18	37	0	0	0	0
ybcL	16	7	17	10	9	23	16	16	0	0	0	0
ybcM	99	97	125	85	129	128	88	102	2	0	1	0
ybcN	0	0	0	0	1	0	1	0	0	0	0	0
ybcO	0	0	2	0	0	2	1	1	0	0	0	0
ybcV	0	0	2	1	3	1	5	1	0	0	0	0
ybcW	11	10	10	6	809	996	432	1075	5	0	9	5
ybcY	27	47	51	40	29	41	54	76	0	0	0	0
ybdD	173	185	175	189	89	125	121	286	2	3	0	2
ybdF	688	604	821	647	518	523	505	575	1	1	0	0
ybdG	133	118	157	130	70	124	117	224	1	3	0	1
ybdJ	231	215	314	186	196	207	157	211	1	2	0	0
ybdK	1033	1329	154	194	646	1051	89	132	3	3	1	3
ybdL	186	227	298	252	175	204	214	338	1	0	1	1
ybdM	21	33	15	14	19	35	12	44	0	0	0	0
ybdN	14	18	17	19	9	10	18	25	0	0	0	0
ybdR	71	47	48	42	31	78	37	74	1	1	1	1
ybdZ	4	1	31	27	3	4	18	77	0	0	0	0
ybeD	55	42	63	34	35	29	98	100	1	1	0	1
ybeF	7	9	20	11	8	18	9	39	0	0	0	0
ybeL	1263	1688	462	729	930	1571	253	604	22	30	11	9
ybeM	201	201	107	151	173	250	69	126	1	3	1	0
ybeQ	9	5	13	11	4	12	8	25	0	0	0	0
ybeR	1	0	1	0	1	0	2	4	0	0	0	0
ybeT	1	1	0	2	3	1	0	0	0	0	0	0
ybeU	5	12	5	3	3	6	6	10	0	0	0	0
ybeX	653	901	1232	1023	383	723	965	2260	27	9	6	7
ybeY	3567	3244	5173	5790	2524	2948	3829	3949	20	11	3	6
ybeZ	702	808	1121	1131	440	701	966	1835	12	16	3	2
ybfA	1296	1721	1210	676	1198	2001	635	1441	8	4	3	3
ybfB	4	2	2	0	1	1	2	3	0	0	0	0
ybfC	7	6	11	5	10	16	15	21	0	0	0	0
ybfD	4	5	3	7	7	11	7	13	0	0	0	0
ybfE	77	147	197	132	80	100	108	341	1	6	0	2
ybfF	111	150	210	159	78	136	143	327	5	2	0	2
ybfG	31	32	38	14	36	41	18	25	0	0	0	0
ybfI	0	0	1	0	0	0	0	0	0	0	0	0
ybfL	27	38	31	36	23	46	23	22	1	0	0	0
ybfO	10	29	14	9	11	24	15	27	0	1	1	0
ybfP	10	21	32	15	12	24	21	30	0	0	0	0
ybfQ	4	3	1	0	4	6	2	4	0	0	0	0
ybgA	68	102	21	9	41	91	17	19	1	7	0	0
ybgC	1069	969	1499	1098	1118	1191	1477	1265	2	2	0	1
ybgD	15	10	17	10	13	11	11	18	0	0	0	0
ybgE	1390	1510	1395	1292	1482	1652	906	1496	19	32	7	6
ybgI	1456	1582	1263	1376	912	1197	736	1440	12	19	4	3
ybgO	6	4	2	3	4	4	1	4	0	0	0	1
ybgP	6	4	6	3	4	12	3	13	1	0	0	0
ybgQ	5	6	8	5	0	4	4	8	0	0	0	0
ybgS	124	212	34	31	94	230	14	81	3	2	2	0
ybgU	20	33	79	40	20	36	65	115	1	0	0	0
ybgV	271	451	397	186	220	381	311	586	6	4	1	1
ybhA	31	40	66	43	21	38	54	135	1	2	0	0
ybhB	181	156	155	133	123	157	123	222	0	0	0	0
ybhC	143	216	562	433	116	213	367	806	6	7	0	1
ybhD	2	6	7	2	3	3	4	6	0	0	0	0
ybhF	706	771	540	577	381	607	218	636	11	24	8	3
ybhG	296	376	231	253	168	281	138	314	8	12	3	4
ybhH	2	3	1	3	5	2	0	2	0	0	0	0
ybhI	1	3	6	6	3	6	9	9	0	0	0	0
ybhJ	6	10	16	10	5	7	10	20	0	0	1	0
ybhK	78	100	96	96	72	118	82	178	1	6	0	1
ybhL	1466	1579	1110	1056	1058	1463	653	1033	10	6	4	4
ybhM	27	25	20	21	21	44	17	23	0	0	0	0
ybhN	78	110	26	13	44	93	11	19	0	1	0	0
ybhP	413	485	84	50	221	384	48	87	0	2	0	1
ybhQ	960	963	891	1211	720	823	598	1186	6	5	3	1
ybhR	198	219	152	122	151	197	66	169	2	1	0	2
ybhS	331	363	220	256	235	269	100	259	1	14	0	2
ybiA	550	730	549	680	517	682	200	532	3	9	3	2
ybiB	917	1015	691	863	655	1003	492	870	10	14	3	4
ybiE	71	99	137	136	81	73	79	234	2	1	0	0
ybiI	30	47	31	11	20	42	16	69	0	0	0	0
ybiJ	56	65	59	46	43	81	57	134	2	0	0	0
ybiO	345	393	83	70	224	332	45	93	2	2	1	4
ybiR	400	425	726	589	361	387	438	785	5	2	1	2
ybiT	207	283	614	472	159	264	477	1266	13	8	4	5
ybiU	43	42	14	19	11	29	11	47	2	1	0	0
ybiV	30	43	49	39	23	48	65	80	1	0	0	0
ybiW	98	135	13	22	61	108	11	42	6	8	1	2
ybiX	13	8	36	37	10	11	32	64	1	0	0	0
ybiY	35	37	4	3	18	36	1	15	0	1	1	0
ybjC	223	224	273	278	149	212	203	377	3	6	0	0
ybjD	1548	1697	995	1025	1087	1479	618	1166	14	12	7	6
ybjG	50	50	133	103	38	46	94	115	1	2	0	0
ybjH	19	14	9	13	3	8	11	40	0	0	0	0
ybjI	90	111	120	95	75	115	104	177	1	2	0	0
ybjJ	142	115	206	194	108	138	135	200	2	3	0	0
ybjL	587	545	554	446	538	658	343	581	3	8	0	0
ybjM	434	382	217	149	393	432	111	148	1	0	0	0
ybjN	260	344	283	276	216	293	183	488	6	12	2	5
ybjO	47	71	64	55	41	59	47	68	1	0	0	0
ybjP	354	525	91	83	263	427	71	159	5	11	3	4
ybjQ	179	226	129	136	123	174	94	162	3	2	2	0
ybjS	92	124	183	129	68	103	93	307	3	4	1	0
ybjT	344	436	307	300	235	329	216	412	4	10	2	3
ybjX	63	76	101	77	59	55	72	178	2	5	0	0
ycaC	327	456	89	57	325	559	49	75	4	5	1	2
ycaD	129	131	124	93	117	145	101	139	3	1	0	1
ycaI	169	222	170	187	129	185	109	208	1	2	1	2
ycaK	16	29	49	44	16	39	27	68	1	0	0	0
ycaL	7	8	11	6	2	5	10	24	0	0	0	0
ycaM	150	154	263	185	136	199	178	302	0	1	0	0
ycaN	4	5	13	4	4	9	9	21	0	0	0	0
ycaO	145	207	743	671	122	216	505	1414	6	4	2	2
ycaP	130	169	122	82	116	146	78	125	1	5	0	0
ycaQ	125	134	237	196	98	133	195	296	1	2	0	0
ycaR	348	476	461	575	310	438	282	824	10	12	5	5
ycbF	13	32	23	17	8	18	8	44	0	1	0	0
ycbJ	7130	8630	3253	5588	5599	8043	1764	3536	55	79	19	11
ycbU	22	29	14	17	23	23	20	26	0	0	0	0
ycbV	12	15	8	13	9	15	7	15	0	0	0	0
ycbX	220	279	407	282	168	193	261	411	1	3	1	1
ycbZ	1081	1533	2600	2076	956	1343	1685	4105	23	24	11	13
yccA	472	712	667	489	367	599	725	1613	15	13	4	6
yccE	4	6	13	16	9	10	6	15	0	0	0	0
yccF	34	60	108	87	55	67	63	179	3	2	0	0
yccJ	1321	1927	149	198	912	1880	94	227	34	63	16	12
yccM	208	161	122	150	165	221	81	167	0	0	0	0
yccS	111	184	273	239	115	180	212	476	5	3	0	1
yccU	268	331	231	208	228	357	148	389	4	4	3	2
yccX	117	139	71	91	77	106	38	93	3	0	1	0
ycdU	26	20	37	27	33	31	25	34	0	0	0	0
ycdX	443	620	582	502	333	491	426	936	5	15	2	4
ycdY	517	587	454	474	402	619	251	661	2	5	8	2
ycdZ	83	116	153	116	79	112	136	286	2	4	1	1
yceB	315	368	480	407	245	368	226	548	7	3	0	3
yceD	239	302	958	954	186	326	927	1637	19	17	5	9
yceF	67	73	78	63	39	80	67	111	0	0	1	3
yceH	891	1060	619	758	603	891	315	857	15	30	6	5
yceI	153	175	209	172	151	189	172	276	1	0	0	0
yceJ	65	66	78	46	72	97	48	101	1	0	0	0
yceK	8	9	24	13	5	15	24	53	0	0	0	0
yceM	1121	1182	719	857	704	1001	412	786	9	35	3	2
yceO	18	13	20	14	50	56	32	43	0	0	0	0
yceQ	0	1	0	0	0	0	0	4	0	0	0	0
ycfH	165	307	342	274	117	246	233	571	6	7	0	6
ycfJ	339	319	541	421	319	444	495	799	1	0	0	0
ycfK	2	5	2	5	1	1	6	5	0	0	0	0
ycfL	1346	1515	962	784	1054	1320	599	1217	11	12	9	4
ycfP	766	1030	702	801	580	933	511	1449	32	22	8	5
ycfT	5	9	27	22	4	4	15	15	0	0	0	0
ycfZ	3	4	23	14	3	8	12	50	1	0	0	0
ycgB	1073	1921	96	178	715	1663	106	231	17	23	6	9
ycgH	21	35	48	33	33	41	31	57	0	0	0	0
ycgI	18	14	17	10	17	19	11	7	0	0	0	0
ycgJ	56	63	51	36	44	68	35	73	0	0	0	0
ycgL	48	59	71	69	38	54	53	109	0	0	0	0
ycgM	193	230	195	176	134	203	169	313	1	6	0	0
ycgN	39	53	59	44	13	25	28	100	2	0	0	0
ycgR	180	126	166	130	97	133	179	355	8	5	1	1
ycgV	81	97	97	75	80	117	56	142	0	1	0	1
ycgX	8	6	25	11	4	5	13	36	0	0	0	0
ycgY	38	47	12	6	22	58	7	13	0	0	0	1
ycgZ	2	0	11	3	3	6	7	12	0	0	0	0
ychA	901	1103	1662	1362	859	1165	948	1870	8	12	8	1
ychE	302	345	493	336	311	347	300	548	2	1	1	0
ychF	427	557	850	659	314	625	668	1678	11	14	4	5
ychH	1357	1790	958	861	1270	1645	593	1725	27	40	7	6
ychJ	1458	1402	2706	2006	1470	1713	2042	2563	12	3	1	1
ychN	353	366	255	286	270	320	167	310	7	1	4	1
ychO	377	522	458	451	353	481	264	473	1	1	1	1
ychQ	153	242	369	203	194	267	196	572	4	3	1	0
ychS	1	0	1	0	0	0	1	0	0	0	0	0
ychT	28	21	38	19	32	28	31	76	1	0	0	0
yciA	112	105	163	100	125	128	124	210	0	0	0	0
yciB	298	388	439	313	278	354	245	583	4	3	1	2
yciC	578	648	713	619	510	585	413	721	0	1	1	9
yciE	83	69	55	48	52	108	41	96	0	0	0	0
yciF	41	52	23	28	37	73	15	35	0	0	0	0
yciG	19	9	8	0	7	17	6	6	0	0	0	0
yciH	86	69	115	75	48	96	81	137	2	0	0	0
yciI	48	38	40	37	37	40	26	66	1	0	0	2
yciK	503	532	602	637	309	431	363	841	8	8	1	0
yciN	262	337	607	599	258	351	366	881	6	1	1	4
yciO	231	307	266	242	189	337	194	491	5	5	5	1
yciQ	311	370	411	313	325	436	315	457	3	3	2	0
yciT	475	551	751	724	409	530	740	991	3	5	0	1
yciU	139	164	136	119	102	146	93	249	4	3	0	1
yciW	27	32	63	38	20	25	33	115	2	1	0	0
yciX	135	220	71	55	187	227	127	185	2	3	0	0
yciY	145	185	371	296	145	230	297	478	6	3	1	2
yciZ	313	364	415	295	401	353	281	326	1	3	1	1
ycjD	112	146	188	189	95	123	90	168	0	0	0	1
ycjF	174	186	422	383	103	141	404	517	4	0	1	0
ycjG	525	775	614	717	417	595	368	834	7	14	3	1
ycjM	68	84	61	53	63	70	42	74	0	2	0	0
ycjN	47	66	26	23	35	40	21	40	1	0	1	0
ycjO	15	11	13	10	14	16	6	15	0	1	0	0
ycjP	38	28	21	17	29	33	18	34	0	0	0	0
ycjQ	31	57	19	27	18	30	20	43	0	3	1	0
ycjR	35	46	17	13	19	36	11	39	0	2	0	0
ycjS	33	46	27	23	17	31	12	32	0	2	0	0
ycjT	46	67	36	32	28	53	34	55	0	2	0	0
ycjU	8	5	6	5	1	4	1	7	1	0	0	0
ycjV	6	15	6	11	3	6	3	6	0	0	0	0
ycjW	69	83	145	117	64	96	126	158	0	0	0	0
ycjX	198	234	446	398	149	190	378	679	3	4	3	0
ycjY	18	13	16	17	16	16	8	14	0	1	0	0
ydaE	1	1	3	3	0	0	1	0	0	0	0	0
ydaF	15	10	21	17	4	4	19	33	0	0	0	0
ydaG	7	22	16	13	3	7	15	39	1	0	0	0
ydaS	0	2	3	2	2	3	5	3	0	0	0	0
ydaT	7	5	6	3	5	5	6	9	0	0	0	0
ydaU	44	38	45	51	25	50	32	47	0	0	0	0
ydaV	21	42	26	30	17	37	14	26	0	2	0	0
ydaW	12	26	21	25	17	15	16	31	0	0	0	0
ydaY	7	5	8	6	2	3	9	18	0	0	0	0
ydbD	37	73	49	46	54	61	26	52	2	0	1	0
ydbH	625	818	1007	1104	525	771	609	1101	5	11	5	1
ydbJ	985	1060	675	876	753	954	421	626	4	7	3	1
ydbK	5863	7968	2369	2439	4311	6930	1631	3861	67	106	29	32
ydbL	37	70	89	84	34	73	73	115	0	2	0	0
ydcA	689	586	894	615	604	662	604	830	2	1	0	1
ydcC	47	44	56	54	47	63	43	79	1	0	0	0
ydcD	50	45	126	94	49	72	115	98	1	0	0	0
ydcF	75	94	208	136	63	89	133	256	1	0	0	1
ydcH	3488	2564	575	697	2559	3089	497	669	3	4	0	5
ydcI	126	128	282	227	114	106	265	417	1	0	0	0
ydcJ	278	320	106	104	165	271	63	160	8	4	1	1
ydcK	87	130	32	42	48	96	27	68	1	2	0	0
ydcL	160	184	196	146	73	205	121	286	6	0	1	0
ydcO	129	119	112	98	104	110	53	124	0	1	1	1
ydcR	142	156	215	179	120	151	252	280	3	1	0	1
ydcS	787	1276	79	73	492	1087	54	106	7	11	4	3
ydcT	317	461	13	19	216	486	19	27	6	5	0	0
ydcU	439	604	52	48	374	561	36	49	1	8	3	0
ydcV	227	354	19	19	202	334	16	23	5	4	1	1
ydcY	108	144	188	175	86	188	151	449	5	2	2	1
ydcZ	154	192	223	205	161	191	117	189	2	0	0	0
yddA	12	11	98	58	8	12	110	132	1	0	0	0
yddB	22	47	362	307	16	29	275	772	1	0	0	0
yddE	103	141	153	156	105	127	109	274	5	6	1	3
yddG	37	38	58	60	35	30	48	110	0	0	0	0
yddH	41	29	26	21	31	45	20	35	1	2	0	0
yddJ	0	1	1	0	0	0	0	5	0	0	0	0
yddK	0	0	0	0	1	2	1	2	0	0	0	0
yddL	0	0	0	2	0	0	0	0	0	0	0	0
yddM	50	70	139	116	50	74	73	272	1	3	0	2
yddY	37	55	8	8	34	42	16	13	1	0	0	0
ydeA	42	43	54	38	35	39	63	59	1	0	0	1
ydeE	257	244	434	431	226	195	250	371	2	1	0	0
ydeI	13	12	2	5	10	10	4	10	0	0	0	0
ydeJ	4	3	0	1	1	1	0	7	0	0	0	0
ydeM	889	1210	96	83	892	1126	57	92	4	10	0	0
ydeN	5081	9372	810	694	4458	9224	606	1329	90	101	31	35
ydeO	2	0	2	0	1	3	4	1	0	0	0	0
ydeP	13	13	22	12	1	11	15	27	0	0	0	0
ydeQ	0	0	1	1	0	1	3	4	1	0	0	0
ydeR	0	0	2	0	0	2	2	2	1	0	0	0
ydeS	0	0	2	0	0	2	0	1	0	0	0	0
ydeT	0	2	6	0	2	0	0	4	0	0	0	0
ydfA	4	9	11	10	4	10	7	17	0	0	0	0
ydfB	2	9	6	11	6	10	3	17	0	0	0	0
ydfC	23	46	43	45	32	21	29	33	0	0	0	0
ydfD	9	10	13	7	12	10	1	7	0	0	0	0
ydfE	37	58	26	33	21	29	16	40	0	0	0	1
ydfG	1087	1141	1136	1065	709	981	736	1739	19	10	7	4
ydfI	10	16	25	21	6	25	11	22	1	2	0	0
ydfJ	6	12	11	9	7	11	9	15	0	0	1	0
ydfK	923	1501	1719	1556	1018	1841	1457	3229	8	4	2	1
ydfO	21	22	13	14	23	27	14	23	0	0	0	0
ydfR	20	13	22	11	16	27	23	48	1	0	0	0
ydfT	30	33	40	34	34	31	26	34	0	0	0	0
ydfU	3	7	10	6	1	6	3	11	0	0	0	0
ydfV	9	6	17	14	10	15	13	21	0	0	0	0
ydfW	1	1	1	1	2	2	1	7	0	0	0	0
ydfX	1	3	4	7	2	4	4	6	0	0	0	0
ydfZ	47	69	95	71	35	62	44	134	0	1	0	0
ydgA	1603	2705	1205	1075	1119	2313	772	2242	34	34	8	12
ydgC	113	137	214	141	119	136	217	211	0	0	1	0
ydgD	2557	2675	1538	1235	2290	2896	991	1435	6	7	1	1
ydgH	1085	1152	1635	1441	883	1139	1054	1949	18	5	8	5
ydgI	165	158	986	723	148	175	676	899	2	0	1	0
ydgJ	356	341	376	384	233	315	284	447	2	2	3	0
ydgK	168	226	721	444	177	268	524	852	3	1	0	0
ydgU	1	3	3	0	0	2	2	2	0	0	0	0
ydhF	3625	3699	1806	2041	2934	3631	932	1847	17	20	2	5
ydhI	142	131	171	132	113	162	129	217	1	0	0	0
ydhJ	70	126	119	140	70	146	106	241	1	2	0	0
ydhK	69	89	106	81	49	107	86	133	3	1	0	1
ydhL	141	138	76	96	102	144	64	75	2	0	0	0
ydhP	252	301	325	255	219	282	178	301	4	4	0	0
ydhQ	1643	1619	1361	1379	1131	1524	1020	1586	8	19	3	6
ydhR	406	369	367	268	406	455	335	491	3	8	4	1
ydhS	845	1041	153	177	545	941	136	231	6	2	2	0
ydhT	81	131	26	26	139	170	18	52	6	7	0	5
ydhU	100	113	16	32	173	189	26	43	2	9	4	2
ydhV	2430	3387	234	395	2340	3451	127	265	75	158	34	24
ydhW	387	618	31	52	429	603	34	46	17	28	10	5
ydhX	192	298	30	35	237	379	19	39	2	12	5	1
ydhY	1174	1598	121	265	1013	1558	77	228	32	51	13	17
ydiB	12	18	10	11	6	10	10	25	0	0	0	0
ydiE	1	5	36	20	5	7	14	52	0	0	0	0
ydiF	4	5	7	7	8	4	8	10	0	0	0	0
ydiH	159	214	268	219	159	248	172	419	2	1	1	1
ydiJ	1961	2356	3337	3462	1371	1883	2065	4586	21	19	5	6
ydiK	524	616	763	604	432	558	481	779	5	8	1	4
ydiL	28	30	20	30	22	21	15	30	1	0	0	0
ydiM	17	11	3	16	13	23	5	6	0	0	0	2
ydiN	1	1	1	0	1	1	1	1	0	1	0	0
ydiO	5	17	23	24	5	10	9	28	0	0	2	0
ydiP	29	33	26	24	20	40	21	32	0	0	0	0
ydiQ	28	30	23	33	24	16	13	12	0	0	0	0
ydiR	17	21	24	19	6	21	12	14	0	0	0	0
ydiS	42	25	22	29	18	34	30	48	1	0	0	0
ydiT	1	4	2	2	0	4	2	5	0	0	0	0
ydiY	22	34	90	56	25	48	81	193	1	1	0	1
ydiZ	93	103	28	19	41	99	30	45	0	0	0	0
ydjA	196	325	273	281	151	235	247	511	8	5	3	4
ydjE	69	62	109	66	63	70	57	95	0	0	0	0
ydjF	139	151	214	166	109	150	167	350	0	1	1	0
ydjG	20	28	44	31	18	39	21	46	0	0	0	0
ydjH	14	25	14	15	10	12	11	30	0	0	0	2
ydjI	15	17	19	12	6	19	9	21	0	0	0	0
ydjJ	22	24	13	15	17	12	16	15	0	0	0	0
ydjK	8	12	5	7	5	10	4	10	0	0	0	0
ydjL	12	19	16	17	9	17	16	22	0	0	0	0
ydjM	275	344	433	330	274	301	285	499	1	0	1	0
ydjO	0	3	2	2	1	4	3	6	0	0	0	0
ydjX	102	132	258	222	105	144	148	325	2	1	0	1
ydjY	116	199	226	249	111	142	91	240	5	2	0	0
ydjZ	241	235	292	243	173	228	162	300	5	1	0	0
yeaC	779	714	1442	1111	529	802	1000	2189	11	6	1	0
yeaD	932	1046	1114	1090	658	881	617	1139	12	6	4	1
yeaE	231	236	199	239	167	250	121	264	3	4	1	1
yeaG	1463	2467	132	179	928	2115	99	213	41	48	18	21
yeaH	539	775	25	34	392	809	28	69	24	20	9	5
yeaK	45	66	88	64	34	63	80	140	3	4	4	0
yeaL	58	66	61	51	61	55	37	82	0	0	1	0
yeaO	43	59	33	39	22	54	28	75	0	1	0	0
yeaQ	397	348	55	59	303	426	40	89	3	1	1	0
yeaR	3	4	5	10	4	9	3	13	0	0	1	0
yeaV	143	108	156	116	113	94	66	105	0	0	0	0
yeaW	25	33	26	31	16	22	18	74	0	0	0	0
yeaX	710	577	1167	1179	583	544	757	837	0	2	0	1
yeaY	93	77	219	180	79	108	176	408	2	0	0	0
yebB	11	12	10	8	9	13	6	12	0	1	0	0
yebC	292	484	1059	891	223	458	670	2197	20	27	7	9
yebE	335	305	327	358	273	384	536	720	3	1	1	1
yebF	181	236	235	177	169	195	160	379	1	3	1	1
yebG	854	953	821	949	601	934	566	1399	8	11	3	3
yebK	257	338	344	328	126	249	212	540	7	10	0	4
yebO	898	911	1773	1410	948	1131	990	1266	2	1	0	2
yebQ	48	57	87	79	39	42	47	93	2	0	0	1
yebV	36	54	16	8	19	33	9	31	2	0	0	1
yebW	673	818	392	314	476	621	285	426	1	3	0	0
yebY	484	573	1071	993	478	560	657	1298	8	7	0	0
yebZ	3314	3684	5807	5689	3000	3174	3654	5815	16	6	1	2
yecA	914	990	875	896	771	990	590	1130	9	10	6	1
yecD	105	123	113	100	64	101	109	198	6	1	3	0
yecE	135	137	202	151	90	106	115	300	1	4	2	0
yecF	18	37	70	51	18	40	62	97	0	1	0	0
yecH	1367	1248	1003	1457	1075	1369	523	1023	2	0	0	1
yecJ	22	30	38	37	20	25	28	92	0	1	0	0
yecM	98	115	215	155	69	91	110	281	3	1	0	0
yecN	3260	2429	4266	3844	2647	2540	2787	3171	6	5	2	3
yecR	307	286	744	527	214	241	589	1177	4	7	7	1
yecT	0	0	10	1	0	2	2	9	0	0	0	0
yecU	6	6	16	14	12	13	18	31	0	1	0	0
yecV	0	2	6	1	0	3	4	11	0	0	0	0
yedA	106	111	204	108	101	89	118	151	2	0	2	0
yedD	157	161	201	274	100	145	177	257	5	0	0	1
yedE	342	440	2369	2055	316	447	1821	2509	7	6	1	1
yedF	21	31	176	149	12	24	137	399	1	0	1	0
yedI	838	823	1275	1161	739	901	671	1257	6	12	1	0
yedJ	137	136	227	209	102	136	169	303	3	2	1	2
yedK	3	8	29	23	6	10	18	50	1	2	0	0
yedL	7	10	13	9	6	7	13	29	0	0	0	0
yedN	25	22	103	55	10	12	75	182	1	0	2	0
yedP	349	527	42	44	192	455	31	88	3	3	0	4
yedS	79	104	43	49	43	84	38	55	0	1	0	0
yeeA	455	540	301	382	322	466	168	390	6	6	5	0
yeeH	2	4	0	2	2	5	1	3	0	0	0	0
yeeJ	154	217	192	216	112	208	150	480	1	4	0	3
yeeL	13	19	23	19	14	17	13	27	0	0	0	0
yeeN	307	398	615	413	314	457	515	1016	6	4	2	0
yeeO	270	295	359	314	286	285	231	366	2	1	0	1
yeeP	24	28	20	24	15	22	10	32	0	0	0	0
yeeR	31	44	63	49	21	30	37	81	0	1	0	0
yeeS	7	4	11	6	2	6	5	18	0	2	0	0
yeeT	0	1	0	1	1	1	0	0	0	0	0	0
yeeW	5	2	5	1	1	1	3	11	0	0	0	0
yeeY	660	846	776	806	532	738	473	889	4	8	1	0
yeeZ	1248	1516	1618	1534	1040	1440	1160	1836	12	23	6	8
yefM	193	289	309	282	173	252	196	580	6	4	1	2
yegD	27	43	61	59	21	31	61	80	1	1	0	0
yegH	130	171	226	168	91	166	115	308	3	10	2	0
yegI	63	64	59	61	59	65	42	78	2	0	0	0
yegJ	3	4	4	2	4	6	1	7	0	0	0	0
yegL	10	13	5	10	6	15	5	18	0	0	0	0
yegP	40	53	14	12	24	50	13	34	1	2	0	0
yegR	9	15	13	3	14	28	2	13	0	0	0	0
yegS	30	39	10	8	14	39	9	16	0	0	0	0
yegT	88	87	71	75	60	65	48	70	0	1	2	0
yegU	80	86	91	80	57	61	69	118	0	0	1	0
yegV	111	113	126	130	68	86	93	131	2	0	1	0
yegW	114	113	162	146	99	136	90	173	2	1	0	0
yegX	51	62	69	46	47	92	59	87	0	3	0	0
yegZ	6	12	11	12	5	10	6	4	0	0	0	0
yehA	38	47	35	38	49	51	28	39	0	0	0	0
yehB	41	42	36	36	44	49	31	54	0	1	0	0
yehC	7	10	9	14	8	5	8	22	0	0	0	0
yehD	27	43	18	27	33	50	13	40	0	0	0	0
yehE	7	6	4	3	5	9	2	9	0	0	0	0
yehF	8	7	9	3	2	10	9	14	0	1	0	0
yehH	10	15	23	20	10	19	13	27	1	0	0	1
yehI	52	71	48	57	54	61	38	78	0	1	1	0
yehK	0	1	2	2	2	0	1	1	0	0	0	0
yehL	11	3	6	2	7	5	12	15	0	0	0	0
yehM	15	15	19	13	8	18	14	42	0	0	0	1
yehP	10	12	12	12	7	20	6	20	0	1	0	0
yehQ	28	33	22	23	24	24	15	43	2	0	0	0
yehR	10	6	10	15	11	12	15	13	0	0	0	0
yehS	728	912	1082	969	634	911	783	1414	3	11	0	0
yehW	220	292	38	57	195	276	17	43	1	4	1	0
yehX	416	499	72	100	305	392	36	63	5	4	0	0
yehY	327	405	53	70	286	359	46	61	2	6	0	0
yeiB	262	282	435	313	200	278	256	458	6	6	0	0
yeiE	477	594	674	738	375	453	401	669	8	9	2	4
yeiG	3733	4237	3716	3885	3405	4044	2350	3695	15	7	2	2
yeiH	474	394	557	388	399	428	472	548	6	1	0	1
yeiI	98	147	109	105	61	126	93	232	3	6	1	0
yeiL	16	18	16	14	13	20	8	13	0	0	0	0
yeiP	113	138	245	181	69	102	205	393	4	1	1	0
yeiQ	329	483	294	322	232	458	237	684	17	15	4	3
yeiR	83	82	157	129	33	70	103	167	3	2	0	0
yeiS	181	149	190	109	186	152	133	181	1	0	0	0
yeiW	12	16	23	14	9	23	18	35	1	0	0	0
yejA	563	725	603	569	390	549	368	854	4	12	0	6
yejB	314	351	327	257	237	323	196	362	2	6	0	2
yejE	372	429	457	420	357	355	301	380	0	2	1	2
yejF	128	181	178	162	115	139	157	253	1	4	0	0
yejG	1083	1376	834	927	866	1264	1102	1874	11	17	3	1
yejK	104	153	201	215	98	143	147	330	3	4	1	2
yejL	96	104	151	100	62	92	136	306	1	3	0	1
yejO	275	319	267	232	216	337	200	435	2	5	2	2
yfaA	28	36	30	22	16	33	17	52	0	1	1	0
yfaE	207	254	482	460	214	281	247	693	3	6	2	2
yfaH	0	0	1	1	0	1	3	3	0	0	0	0
yfaL	490	536	526	530	370	487	320	575	4	10	0	0
yfaP	4	13	8	4	5	5	5	14	0	0	0	0
yfaQ	53	38	20	23	31	37	18	40	1	1	0	0
yfaS	29	44	47	34	18	46	26	55	3	1	1	0
yfaT	3	8	5	4	1	8	2	7	0	0	0	0
yfaU	28	29	11	12	12	17	10	21	0	2	0	0
yfaV	60	63	39	35	49	56	21	39	0	0	0	0
yfaX	27	20	15	10	25	22	12	19	0	1	0	0
yfaY	1119	1085	1045	1014	851	996	695	1144	6	7	0	2
yfaZ	6	23	77	76	8	21	57	82	0	0	0	0
yfbK	8	9	9	7	9	11	9	25	1	0	0	0
yfbL	4	3	1	2	4	5	3	2	0	0	0	0
yfbM	11	35	14	14	10	30	12	12	1	0	0	0
yfbN	6	6	6	4	9	10	5	11	0	0	0	0
yfbO	6	0	3	2	1	1	2	6	0	0	0	0
yfbP	14	13	29	17	13	17	25	21	0	1	0	0
yfbR	31	41	59	45	23	56	35	98	2	1	1	0
yfbS	2325	2581	1513	2086	1930	2317	1106	1892	38	65	19	22
yfbU	742	964	533	644	535	703	425	867	12	11	5	0
yfbV	613	638	653	551	507	631	426	723	2	10	4	0
yfcA	520	583	848	802	377	479	452	898	2	4	0	0
yfcC	241	231	205	252	200	231	138	221	2	2	0	0
yfcD	1165	1167	1702	1337	1001	1368	1379	2498	7	6	0	0
yfcE	517	537	950	827	448	583	750	1135	6	5	0	3
yfcF	189	195	137	139	127	164	67	179	0	1	1	1
yfcG	21	25	1	2	7	22	6	3	1	0	0	0
yfcH	785	1046	720	784	540	939	523	1251	19	19	7	3
yfcJ	32	34	88	53	26	34	57	54	0	0	0	0
yfcL	157	181	387	337	145	209	279	527	3	1	0	0
yfcO	57	60	37	35	47	62	34	75	3	2	2	0
yfcP	4	3	1	5	2	1	2	6	0	0	0	0
yfcQ	0	0	1	0	1	2	1	2	0	0	0	0
yfcR	3	3	3	3	2	2	0	3	0	0	0	0
yfcS	3	4	1	2	3	1	1	3	0	0	0	0
yfcU	126	157	179	156	120	147	123	228	0	1	0	2
yfcV	1	1	1	1	1	4	2	5	0	0	0	0
yfcZ	2935	3199	2638	3064	2436	3086	1233	2438	31	39	12	11
yfdC	164	196	77	86	116	205	66	99	0	0	0	0
yfdE	0	3	3	2	2	4	0	6	0	0	0	0
yfdF	72	62	186	118	66	84	117	208	1	0	0	0
yfdG	130	127	378	211	124	133	294	419	1	0	0	0
yfdH	199	289	950	621	236	369	954	1558	5	0	0	2
yfdI	297	434	2009	1191	367	714	2100	4787	11	3	2	0
yfdK	1	3	0	2	0	2	5	6	0	0	0	0
yfdL	1	0	3	0	0	0	2	1	0	0	0	0
yfdM	1	2	1	2	1	0	2	2	0	0	0	0
yfdN	2	0	1	1	0	1	2	2	0	0	0	0
yfdO	0	0	1	0	1	0	0	0	0	0	0	0
yfdP	8	15	23	15	8	11	16	9	0	0	0	0
yfdQ	1	4	8	5	6	4	9	11	0	0	0	0
yfdR	2	0	0	1	0	0	1	2	0	0	0	0
yfdS	3	2	1	2	1	1	1	5	0	0	0	0
yfdT	5	4	3	4	3	4	2	7	0	0	0	0
yfdV	5	5	10	3	6	9	11	16	1	0	0	0
yfdX	7	4	5	8	4	4	5	5	0	0	0	0
yfdY	963	828	388	352	845	1033	295	287	0	1	0	0
yfeC	379	501	431	440	260	476	318	635	3	10	4	0
yfeD	412	637	488	590	327	547	348	857	4	12	3	2
yfeH	1384	1161	1710	1598	1338	1253	1092	1103	4	4	0	2
yfeK	51	57	133	107	36	72	100	174	1	0	0	0
yfeN	0	3	2	3	0	3	4	6	0	0	0	0
yfeO	57	54	35	37	53	58	28	51	1	2	2	2
yfeR	34	43	34	25	23	35	17	37	1	0	1	1
yfeS	76	67	125	113	69	86	123	153	1	0	1	0
yfeW	91	161	95	101	79	112	58	148	2	9	0	0
yfeX	4201	4786	2435	3381	3034	4289	1376	3158	73	76	29	28
yfeY	248	270	314	326	164	233	256	373	2	1	1	2
yfeZ	728	675	902	842	604	639	570	797	0	1	1	0
yffB	67	62	44	36	41	50	49	100	2	0	0	2
yffL	118	153	211	187	92	166	137	355	3	0	0	0
yffM	12	13	9	9	13	20	10	13	0	0	0	0
yffN	12	15	10	7	11	14	10	17	0	0	0	0
yffO	17	27	10	8	6	21	13	20	0	0	0	0
yffP	12	8	8	11	9	10	13	24	0	0	0	0
yffQ	34	27	19	19	24	20	14	20	0	0	0	0
yffR	372	287	193	191	214	337	112	214	0	1	0	0
yffS	890	685	619	654	623	778	371	600	0	7	2	2
yfgD	466	525	661	732	343	483	474	746	1	4	3	4
yfgG	34	72	55	52	33	50	70	182	3	3	1	1
yfgH	3	12	22	2	8	15	26	44	0	0	0	1
yfgI	94	97	92	123	80	116	92	156	0	0	0	0
yfgJ	85	92	197	177	93	93	220	266	0	2	0	0
yfgM	823	818	1095	941	634	859	930	1278	8	12	6	2
yfgO	622	629	576	415	499	569	417	544	2	4	1	1
yfhH	43	35	59	45	30	48	40	103	2	0	0	0
yfhL	10	12	18	9	1	8	9	36	3	0	0	0
yfhM	2878	3505	2555	2880	2504	3524	1625	3020	42	72	9	12
yfhR	4	5	19	10	1	16	16	45	1	0	0	0
yfiB	63	71	93	62	60	111	44	142	1	0	1	0
yfiC	48	63	97	67	50	84	66	138	0	0	0	0
yfiE	332	332	382	314	530	508	575	923	4	1	1	1
yfiF	311	368	370	354	194	362	253	673	6	7	5	4
yfiH	566	645	680	628	445	575	389	687	7	2	4	3
yfiL	28	24	16	9	12	22	8	18	0	0	0	0
yfiM	93	112	85	73	96	85	56	53	1	3	2	0
yfiR	158	205	245	168	139	204	138	359	3	7	2	0
yfiS	81	64	15	11	67	57	22	27	2	0	0	0
yfjD	202	231	287	273	158	207	182	421	7	2	0	0
yfjF	177	221	285	233	135	242	230	440	4	1	1	0
yfjH	113	162	195	143	122	149	136	280	1	2	1	0
yfjI	17	16	19	16	16	35	21	59	0	0	0	0
yfjJ	16	14	15	5	20	32	9	12	0	0	0	0
yfjM	3	3	5	5	0	4	4	12	0	0	0	0
yfjP	24	31	26	21	14	30	14	39	0	1	0	0
yfjQ	1	3	2	0	2	7	2	4	0	0	0	0
yfjR	3	8	3	3	6	4	1	6	0	0	0	0
yfjS	39	21	32	33	18	33	17	37	0	0	0	0
yfjT	61	48	89	64	37	78	56	101	0	0	0	0
yfjU	22	17	6	7	9	25	14	11	0	0	0	0
yfjV	61	63	52	56	33	60	47	78	0	2	1	1
yfjW	679	659	914	623	618	886	689	966	2	1	0	0
yfjX	0	0	0	1	1	1	1	2	0	0	0	0
yfjY	0	1	0	2	0	1	0	2	0	0	0	0
yfjZ	0	1	2	2	2	1	1	6	0	0	0	1
ygaC	7	7	7	4	5	7	6	20	0	0	0	0
ygaH	467	570	959	793	411	559	570	937	3	2	1	2
ygaM	3774	3915	580	449	3250	3417	383	556	4	5	2	4
ygaP	31	56	51	48	32	56	30	88	3	1	0	1
ygaQ	1	0	1	1	0	2	2	3	0	0	0	0
ygaV	10	19	26	23	19	22	21	60	5	1	0	0
ygaY	67	62	234	139	50	57	126	209	2	1	0	0
ygaZ	3511	3612	5201	5363	2988	3587	3635	4011	20	13	2	3
ygbA	8	14	16	7	7	17	12	19	0	0	0	0
ygbE	21	26	46	33	12	9	34	58	0	0	1	0
ygbI	307	405	357	400	279	346	220	490	2	3	4	0
ygbJ	40	55	15	19	26	40	13	30	0	0	0	0
ygbK	57	77	27	24	36	45	19	48	1	3	1	0
ygbL	29	40	18	10	26	21	11	31	1	1	1	0
ygbM	18	21	11	7	9	18	7	28	2	0	0	0
ygbN	40	60	41	32	37	55	31	35	0	1	0	0
ygcE	61	91	32	34	40	73	18	74	1	1	0	0
ygcG	13	7	19	13	7	16	17	28	0	0	0	0
ygcN	182	225	167	168	168	253	79	181	3	3	0	0
ygcO	61	98	48	47	68	96	25	43	0	2	1	1
ygcP	69	99	52	61	89	108	26	38	0	2	0	1
ygcQ	7	8	7	10	4	8	5	13	0	1	0	0
ygcR	11	9	8	9	2	10	2	13	0	0	0	0
ygcS	23	36	28	23	32	22	16	23	0	0	0	0
ygcU	9	21	20	20	14	17	10	40	1	0	0	0
ygcW	4	7	7	2	4	10	4	9	0	0	0	0
ygdB	96	85	73	80	70	75	50	87	0	2	0	0
ygdD	234	213	254	136	193	226	181	252	0	0	1	1
ygdG	92	135	184	148	67	138	150	344	2	2	0	0
ygdI	272	322	131	92	292	465	81	148	1	0	1	1
ygdQ	1265	1188	3639	2887	1058	1312	2974	3124	7	3	0	2
ygdR	40	50	51	36	22	34	29	70	0	4	0	0
ygdT	8	4	12	13	8	16	9	7	0	0	0	0
ygeA	135	152	125	101	106	153	93	139	0	0	1	1
ygeF	0	4	1	1	4	3	7	2	0	0	0	0
ygeG	2	5	1	1	2	5	2	5	0	0	0	0
ygeH	1	2	0	4	6	5	3	7	0	0	0	0
ygeI	0	0	0	0	0	0	0	0	0	0	0	0
ygeK	1	2	2	1	1	5	1	4	0	0	0	0
ygeL	0	0	1	0	0	0	0	2	0	0	0	0
ygeN	4	6	3	3	7	10	7	20	0	0	0	0
ygeO	5	3	6	6	5	7	6	14	0	1	0	0
ygeP	12	19	25	20	19	30	10	33	0	0	0	0
ygeQ	54	70	97	59	84	90	78	161	0	0	0	0
ygeV	2774	4093	1443	1931	1888	3626	612	2141	57	68	18	19
ygeW	178	340	22	67	208	374	19	58	21	20	5	3
ygeX	78	159	18	21	93	215	8	29	13	17	3	6
ygeY	89	137	29	42	131	215	22	49	9	4	10	5
ygfB	1775	1941	2048	2349	1211	1923	1575	2923	29	16	10	8
ygfF	159	205	177	162	87	188	128	260	7	7	3	2
ygfK	922	1557	163	240	1044	1630	109	225	69	56	30	26
ygfM	59	82	25	29	133	173	15	27	10	13	4	2
ygfS	10	23	13	5	12	22	9	15	1	0	1	0
ygfT	40	48	29	33	37	75	21	34	1	3	2	0
ygfX	1018	1011	1161	1057	934	1006	789	1106	13	10	2	3
ygfZ	1157	1303	1373	1634	745	1122	1016	1879	24	39	4	8
yggC	114	163	140	129	93	149	99	165	3	2	1	0
yggE	353	454	223	203	285	501	227	399	3	6	1	0
yggF	27	57	51	38	32	41	68	96	1	1	1	0
yggI	4	5	6	9	9	1	9	17	0	0	0	0
yggL	490	557	709	834	362	560	581	1049	7	7	3	0
yggM	158	142	73	82	123	211	44	102	1	4	1	1
yggN	219	258	332	328	187	287	252	500	3	6	0	0
yggP	10	14	13	19	8	11	16	30	0	0	0	0
yggR	46	39	34	42	25	32	22	41	0	1	0	1
yggS	91	155	198	140	62	131	148	330	4	1	2	1
yggT	88	111	140	93	66	83	124	250	2	1	0	0
yggU	33	58	51	40	23	41	42	116	1	1	1	0
yggX	2962	2615	4493	3470	2425	2860	3226	4729	13	4	4	3
yghA	189	277	48	64	124	245	38	89	1	1	4	0
yghB	2934	3012	3211	2665	3032	3120	1860	2577	12	19	3	9
yghD	10	8	18	20	6	4	26	29	0	0	0	0
yghE	1	1	4	3	3	1	6	4	0	0	0	0
yghF	0	0	4	4	1	3	6	7	0	0	0	0
yghG	2	0	4	2	0	1	3	7	0	0	0	0
yghJ	352	508	408	352	322	457	369	568	5	8	2	1
yghO	2	3	2	3	5	2	3	7	0	0	0	0
yghQ	8	5	6	10	8	5	12	4	0	0	1	0
yghR	11	12	9	7	6	9	6	10	0	0	0	0
yghS	0	0	3	0	3	1	1	5	0	0	0	0
yghT	2	3	6	10	4	6	8	9	0	0	0	0
yghU	385	507	253	277	274	387	152	357	12	14	12	1
yghW	3	5	6	1	1	1	4	3	0	0	0	0
yghX	26	43	15	7	22	29	6	19	0	0	0	0
ygiA	366	518	598	545	277	402	387	960	5	10	6	5
ygiB	731	1125	1143	1116	531	874	754	1896	13	21	9	9
ygiC	926	1456	1308	1342	583	1252	765	2639	43	39	20	12
ygiD	42	34	39	24	38	41	22	42	0	1	0	0
ygiF	451	610	472	458	264	429	310	674	5	13	6	4
ygiL	8	10	18	8	9	9	6	25	0	0	0	0
ygiM	250	228	754	627	160	280	604	1006	4	4	1	0
ygiN	425	537	332	287	343	515	245	548	6	15	6	3
ygiQ	316	359	928	879	280	377	638	1363	7	9	1	1
ygiS	70	86	146	111	60	110	102	308	0	2	1	0
ygiV	29	49	32	23	31	23	16	31	0	2	0	0
ygiW	235	318	113	92	166	368	78	149	4	7	1	2
ygiZ	6	6	6	1	3	2	3	3	0	0	0	0
ygjH	158	140	105	148	101	135	49	108	0	0	1	0
ygjI	49	32	55	55	44	45	33	79	0	0	0	0
ygjJ	6	8	20	19	6	8	9	24	0	0	0	0
ygjK	23	29	22	38	19	32	24	48	0	0	2	0
ygjP	34	44	54	57	33	37	51	97	0	0	0	0
ygjQ	7	9	8	5	1	13	6	10	0	0	0	0
ygjR	2137	2358	1136	1531	1810	2142	730	1176	17	28	9	3
ygjV	21	42	29	14	19	30	23	30	1	1	0	0
yhaB	1	4	2	4	6	6	5	5	0	0	0	0
yhaC	22	26	19	14	19	35	7	24	1	0	0	0
yhaH	173	185	73	66	150	190	39	109	0	2	2	0
yhaI	43	31	19	19	44	38	11	21	0	0	0	0
yhaJ	392	373	644	636	331	362	412	751	5	2	0	0
yhaK	59	73	63	81	36	61	51	100	0	0	0	0
yhaL	42	54	119	140	57	55	73	131	0	1	0	0
yhaV	529	594	360	355	776	898	349	441	1	6	1	2
yhbE	243	280	850	551	303	350	742	1051	6	7	1	4
yhbO	13	11	0	2	10	19	0	5	0	0	0	0
yhbP	263	302	342	316	199	270	144	320	3	0	1	3
yhbQ	46	53	66	59	34	53	51	125	1	0	1	0
yhbS	1296	1767	938	1257	936	1607	457	1584	50	50	13	11
yhbW	109	124	144	148	53	99	103	237	4	1	0	2
yhbX	38	40	49	53	55	54	32	89	0	0	0	0
yhbY	74	92	242	187	52	122	130	359	1	3	1	2
yhcA	5	2	4	1	1	0	1	11	0	0	0	0
yhcC	72	88	40	59	60	72	30	82	2	3	2	0
yhcD	91	127	116	97	76	117	64	137	1	1	0	0
yhcF	107	123	134	101	109	147	105	209	0	0	1	0
yhcG	21	18	31	25	20	25	25	46	2	0	0	0
yhcN	1411	1697	1136	905	954	1741	1657	3714	9	0	0	1
yhcO	190	182	39	28	178	178	32	36	0	0	0	0
yhdE	173	212	329	276	137	184	241	535	2	5	0	1
yhdH	893	1041	468	556	663	968	276	624	10	13	8	6
yhdJ	20	22	31	16	26	27	31	35	1	0	0	0
yhdN	27	31	48	38	28	32	29	114	0	0	0	1
yhdP	774	915	1258	1297	498	762	872	1760	9	18	6	1
yhdT	13	13	27	17	13	19	16	37	0	1	0	0
yhdU	11	5	16	13	8	5	12	24	0	0	0	0
yhdV	3	2	3	12	0	0	6	6	0	0	0	0
yhdW	48	63	14	11	60	72	15	23	0	0	0	0
yhdX	18	6	4	7	15	19	2	10	0	1	0	0
yhdY	25	28	11	10	27	30	8	23	0	0	0	0
yhdZ	46	42	27	30	36	58	19	49	0	0	0	0
yheO	510	694	556	555	336	593	333	803	3	10	3	2
yheS	325	406	526	509	202	427	399	1051	6	11	4	2
yheT	170	237	363	422	170	204	258	524	5	4	1	1
yheU	182	246	267	251	148	216	174	318	1	2	1	0
yheV	343	280	229	291	274	314	187	230	1	0	0	0
yhfA	566	631	389	472	414	555	281	668	6	10	3	2
yhfG	36	52	25	12	28	53	23	34	1	1	0	0
yhfK	3125	3738	3664	3866	2553	3466	1945	4857	51	54	13	13
yhfL	5	3	3	3	6	4	8	13	1	0	0	1
yhfS	42	45	35	41	43	50	28	66	0	0	0	0
yhfT	39	32	26	40	26	51	10	35	0	1	0	0
yhfU	15	18	17	26	20	18	11	14	2	0	0	0
yhfW	17	12	12	19	14	14	5	15	0	0	0	0
yhfX	18	19	19	27	15	14	8	14	1	0	0	0
yhfY	10	22	22	34	7	12	28	73	0	0	1	0
yhfZ	42	49	80	89	36	47	63	120	1	0	1	0
yhgE	312	318	320	278	265	338	217	365	3	3	1	0
yhgF	236	288	451	464	142	274	406	1166	11	15	5	5
yhgH	537	502	966	710	418	501	1727	1438	7	6	6	0
yhgN	79	78	106	98	59	78	76	156	2	0	1	0
yhgO	137	138	65	96	80	130	45	108	3	0	0	0
yhgP	116	99	44	74	68	91	31	93	3	0	0	0
yhhA	184	230	79	88	122	219	57	126	3	2	1	4
yhhH	55	74	53	46	56	77	55	50	0	0	0	0
yhhI	156	164	162	126	142	199	114	140	0	1	0	0
yhhJ	912	982	534	578	590	741	408	578	11	13	3	3
yhhL	36	30	59	42	19	27	37	70	0	3	1	0
yhhM	22	21	19	13	6	24	20	44	0	0	0	0
yhhN	259	257	201	179	228	292	83	268	4	1	6	2
yhhQ	96	131	165	141	85	112	103	174	2	2	1	0
yhhS	266	258	275	328	209	241	181	270	0	5	1	0
yhhT	326	382	109	115	238	331	84	85	1	1	0	1
yhhW	115	145	96	87	101	135	88	128	2	1	0	1
yhhX	199	297	155	130	147	252	117	269	8	6	3	3
yhhY	26	33	33	25	22	32	20	57	0	1	0	0
yhhZ	4	2	14	2	2	4	11	14	0	0	0	0
yhiD	12	5	7	1	10	7	2	8	2	0	0	0
yhiI	525	580	331	307	303	467	284	516	10	16	5	3
yhiJ	21	22	15	7	20	27	7	15	0	0	0	0
yhiL	11	9	33	12	38	14	37	42	0	0	0	0
yhiM	2	5	13	7	10	11	3	10	0	0	0	0
yhiN	178	203	171	142	100	198	131	289	5	4	0	3
yhiY	228	226	186	165	199	242	213	248	3	3	2	3
yhjB	15	30	12	10	14	21	17	28	0	0	0	0
yhjD	968	842	383	395	528	757	263	312	3	2	0	0
yhjE	143	159	202	195	104	108	185	152	2	0	0	0
yhjG	1988	1503	1628	1442	1362	1717	1053	2101	17	44	10	6
yhjJ	335	493	1026	844	249	448	586	1735	16	8	2	8
yhjR	49	73	42	27	50	43	66	43	0	0	0	0
yhjV	56	68	187	121	76	95	161	215	0	1	1	0
yhjX	84	96	43	48	68	63	34	35	1	0	0	0
yhjY	173	139	49	50	102	124	64	72	2	0	0	0
yiaA	16	10	15	7	18	26	12	20	0	0	0	0
yiaB	7	7	4	0	0	6	2	4	0	1	0	0
yiaC	183	181	97	113	118	162	68	164	2	0	0	1
yiaD	34	32	366	351	36	38	340	550	1	0	0	0
yiaF	318	418	312	276	254	351	246	462	10	10	1	1
yiaG	116	163	24	22	68	133	25	37	1	0	1	1
yiaK	10	7	5	9	5	12	7	18	0	0	0	0
yiaL	1	5	2	4	1	3	3	6	0	0	0	0
yiaM	3	7	7	1	2	5	5	8	1	0	0	0
yiaN	10	13	4	8	5	3	5	6	0	0	0	0
yiaO	18	17	8	12	14	17	9	15	0	0	0	1
yiaT	24	14	14	12	9	22	12	24	1	0	0	0
yiaU	38	46	49	44	18	34	33	95	0	1	0	0
yiaV	6	1	3	3	3	0	7	3	0	0	0	0
yiaW	4	0	1	0	3	6	1	1	0	0	0	0
yiaY	37	33	30	25	49	51	37	55	0	0	0	0
yibA	165	132	229	160	161	197	242	251	0	1	0	0
yibF	293	343	410	443	258	307	286	443	4	2	0	0
yibG	47	45	39	41	35	49	23	74	0	0	0	0
yibH	13	18	15	14	7	20	8	12	0	0	0	0
yibI	4	7	12	2	3	4	4	3	0	0	0	0
yibJ	32	56	63	68	40	46	48	95	1	0	0	0
yibL	625	676	1362	1611	622	834	1003	1550	5	3	4	0
yibN	120	186	410	264	124	179	261	564	6	5	0	0
yibQ	127	172	309	244	96	148	185	411	1	6	0	2
yibS	30	25	36	30	23	31	20	48	1	0	0	0
yibT	212	246	63	55	147	233	41	125	1	7	2	0
yibU	7	5	2	0	0	13	1	3	0	0	0	0
yibV	10	6	1	2	5	8	2	9	0	0	0	0
yibW	16	13	7	6	13	12	6	10	0	0	0	0
yibX	253	380	511	397	248	405	303	941	0	1	1	0
yibY	57	111	170	139	49	111	137	478	1	0	0	0
yicC	408	520	644	608	315	508	412	942	9	11	7	3
yicG	44	56	70	35	55	57	60	93	0	0	1	0
yicH	251	227	198	209	160	205	176	336	1	4	0	3
yicI	105	142	91	93	67	140	54	103	4	1	0	0
yicJ	51	40	46	37	39	46	39	38	1	0	1	0
yicL	415	387	353	303	337	396	196	313	3	1	0	0
yicN	90	107	116	80	58	88	66	122	4	2	1	0
yicR	86	110	119	74	66	72	81	160	0	6	0	5
yicS	18	7	12	7	19	23	11	16	0	0	0	1
yicT	0	0	0	0	0	0	0	0	0	0	0	0
yicU	5	4	8	6	7	5	6	10	0	0	0	0
yidA	161	212	197	178	113	202	117	352	8	4	1	2
yidB	6	8	10	10	5	8	11	17	0	0	1	0
yidC	621	735	1728	1234	452	681	1647	3492	20	29	13	9
yidD	130	132	405	233	97	149	308	756	10	11	0	1
yidE	783	779	471	548	570	686	339	597	9	10	2	5
yidF	293	353	332	358	260	312	242	423	6	3	2	4
yidG	120	160	208	172	129	156	143	236	1	3	0	2
yidH	46	37	53	64	34	54	39	107	1	1	0	0
yidI	542	416	359	295	466	433	258	248	1	0	0	0
yidJ	18	18	11	13	14	24	6	17	0	0	0	0
yidK	20	11	6	11	14	4	10	22	0	0	0	0
yidL	11	16	17	9	15	16	11	24	0	0	0	0
yidP	4	16	5	9	5	6	6	8	0	0	0	0
yidQ	230	284	192	197	144	222	112	313	6	5	5	0
yidR	111	127	110	111	85	108	77	170	5	0	0	0
yidX	11	16	39	21	9	20	23	45	0	0	0	0
yidZ	107	113	90	92	88	116	72	147	5	2	0	1
yieE	854	1260	948	1296	754	1235	692	1780	36	33	13	14
yieF	421	571	318	344	303	525	256	549	7	16	5	6
yieH	29	22	24	25	14	34	16	52	0	0	0	0
yieK	3	4	21	9	8	11	12	27	0	1	0	0
yieL	3	10	8	4	2	6	8	20	0	0	0	0
yieP	7105	7574	5632	6807	6844	8589	4817	8774	40	29	15	11
yifB	73	85	86	100	51	65	39	122	0	2	0	0
yifN	6	6	11	7	6	8	6	17	0	1	0	0
yigA	624	971	843	769	445	776	494	1436	24	22	10	5
yigB	260	406	366	390	226	301	253	594	3	8	3	2
yigE	1	6	3	1	3	2	7	2	0	0	0	0
yigF	4	12	4	2	3	10	4	18	0	0	0	0
yigG	2	5	9	4	6	4	9	15	0	0	2	0
yigI	27	27	69	36	16	28	66	73	0	0	0	0
yigL	1104	1340	934	910	869	1316	645	1419	10	16	2	1
yigZ	666	799	635	764	457	733	436	963	13	13	4	8
yihA	517	633	586	617	354	539	399	996	5	1	2	2
yihD	60	79	43	61	45	72	57	150	4	4	1	3
yihF	29	40	29	30	53	62	88	155	1	0	0	0
yihG	128	127	236	159	127	154	183	242	0	0	0	0
yihI	255	292	338	364	137	276	241	592	9	9	7	3
yihL	163	196	343	414	153	184	214	405	2	1	0	0
yihM	61	64	157	183	59	73	76	204	2	4	0	1
yihN	12	16	20	25	12	12	13	38	0	1	0	0
yihO	453	352	461	306	409	441	334	354	1	0	0	0
yihP	31	33	35	28	22	31	15	32	0	0	0	0
yihQ	7	10	4	5	0	15	3	12	0	0	0	0
yihR	2	11	5	3	4	6	1	6	0	0	0	0
yihS	57	75	17	17	27	57	13	32	2	1	0	1
yihT	44	50	12	19	21	39	8	31	1	3	0	0
yihU	13	5	6	7	3	4	4	6	1	1	0	0
yihV	62	74	50	74	46	72	34	54	0	0	1	0
yihX	4000	3630	2135	2715	3083	3510	1364	1871	10	11	8	4
yihY	3532	3144	2354	2450	2945	3449	1406	2073	17	14	5	2
yiiE	13	14	8	7	9	16	8	9	0	0	0	0
yiiF	12	10	6	14	11	16	9	20	0	1	0	0
yiiG	10	18	29	23	7	15	12	29	2	0	0	0
yiiM	127	154	103	140	112	130	84	125	6	5	0	0
yiiQ	31	32	70	36	31	48	53	106	1	1	0	0
yiiR	146	115	155	119	114	171	120	137	1	0	0	0
yiiS	134	134	49	46	101	152	45	114	7	5	4	1
yiiX	46	52	58	58	23	53	37	136	1	4	0	1
yijD	749	849	1009	832	605	781	604	1349	8	14	4	4
yijE	322	346	231	181	249	300	120	341	4	5	1	1
yijF	15	13	8	7	10	7	5	19	0	1	0	0
yijO	29	29	26	51	18	31	27	67	1	2	0	2
yjaA	7	8	10	7	14	13	84	148	0	0	1	0
yjaB	64	50	37	37	49	44	30	50	0	1	0	0
yjaG	156	216	165	167	134	195	148	306	2	1	1	0
yjaH	256	258	234	248	194	280	225	440	7	10	3	2
yjaZ	52	42	47	45	34	55	41	53	0	0	0	0
yjbB	2904	2964	2329	3005	2372	3193	1245	2492	10	5	4	3
yjbD	188	241	183	181	169	231	99	253	6	0	6	3
yjbE	0	1	0	2	1	0	2	1	0	0	0	0
yjbF	1	1	4	2	0	0	2	7	0	0	0	0
yjbG	0	5	4	4	1	1	5	6	0	0	0	0
yjbH	22	21	27	16	13	15	12	28	0	1	0	0
yjbI	32	42	13	4	39	56	16	19	0	0	0	0
yjbJ	178	213	51	52	121	223	64	72	1	3	2	1
yjbL	0	0	1	2	1	0	1	2	0	0	0	0
yjbM	22	28	21	16	28	29	23	40	0	0	0	0
yjbQ	189	331	252	246	157	251	178	550	15	10	5	7
yjbR	334	450	330	367	257	343	240	467	6	10	4	3
yjbS	0	0	1	0	0	0	1	1	0	0	0	0
yjbT	8	3	9	7	3	6	11	4	0	0	0	0
yjcB	56	51	50	38	33	64	70	96	0	1	0	0
yjcE	745	745	750	867	515	637	453	920	4	7	5	6
yjcF	2	4	7	0	3	6	1	5	0	0	0	0
yjcH	390	309	84	69	128	150	65	105	0	0	0	0
yjcO	62	79	120	106	47	120	87	205	2	1	1	0
yjcS	2	1	2	7	1	0	0	6	0	0	0	0
yjdF	52	60	94	85	34	69	63	85	1	0	1	1
yjdI	48	46	10	10	27	48	15	11	0	1	1	1
yjdJ	62	83	6	13	28	73	17	17	1	1	2	0
yjdM	140	170	317	296	156	211	246	577	5	4	1	0
yjdN	16	14	5	4	6	17	5	10	0	0	1	1
yjdP	75	66	118	145	54	59	64	123	0	0	0	0
yjdQ	2	5	11	9	9	12	6	9	0	0	0	0
yjeH	128	138	141	109	130	145	91	136	2	2	2	0
yjeI	328	399	234	233	267	363	278	409	5	6	2	3
yjeJ	4	2	1	1	3	2	8	10	0	0	0	0
yjeM	93	101	85	69	84	87	62	125	1	0	0	0
yjeN	16	20	10	20	9	13	16	16	0	0	0	0
yjeO	76	81	73	76	62	83	44	85	1	1	0	0
yjeT	39	35	48	49	25	52	30	57	0	0	0	1
yjeV	14	10	7	3	4	9	6	10	0	0	0	0
yjfC	10	19	20	15	18	23	14	27	0	0	0	0
yjfF	525	519	237	247	387	507	150	227	4	3	0	1
yjfI	5	3	3	2	3	8	3	3	0	0	0	0
yjfJ	25	21	18	11	18	27	25	19	0	0	0	0
yjfK	11	7	10	7	12	12	10	15	0	0	0	0
yjfL	2	5	7	3	7	8	10	10	0	0	0	0
yjfM	19	14	10	15	11	13	12	15	0	0	0	0
yjfN	393	733	183	258	289	527	118	379	9	25	4	3
yjfP	181	229	150	174	151	189	74	134	0	2	0	1
yjfY	59	64	31	21	48	85	29	78	0	0	0	0
yjfZ	2	2	5	2	2	4	3	13	0	0	0	0
yjgA	394	388	456	449	241	356	333	653	2	3	2	2
yjgH	27	34	31	25	14	41	25	43	0	0	0	0
yjgL	125	142	150	91	157	190	128	149	0	0	2	0
yjgM	19	19	38	19	6	22	19	43	0	0	0	0
yjgN	5	7	9	3	5	7	13	8	0	0	0	0
yjgR	234	267	159	143	126	246	116	232	1	6	3	0
yjgW	5	12	10	7	5	9	8	32	2	0	0	0
yjgX	251	346	362	236	239	367	305	834	8	14	3	6
yjgZ	4	6	3	5	12	4	6	9	0	0	0	0
yjhD	7	4	8	4	4	6	4	12	0	1	0	0
yjhE	2	5	2	1	2	2	3	5	0	2	0	0
yjhF	32	23	42	33	35	51	21	46	0	0	1	0
yjhG	220	300	179	175	169	294	110	257	3	6	3	3
yjhH	176	188	101	93	133	225	59	153	2	3	0	0
yjhI	170	155	92	87	169	203	52	137	0	0	0	0
yjhP	40	72	37	32	31	76	24	60	1	3	1	0
yjhQ	33	57	33	33	29	50	18	86	0	3	1	0
yjhR	7	13	9	14	15	18	8	23	0	0	0	0
yjhU	2037	2184	1962	2356	1484	2055	1171	2424	11	14	5	5
yjhV	9	6	13	2	4	13	7	11	0	0	0	0
yjhW	4	6	8	4	2	5	7	11	0	0	0	0
yjhY	11	33	29	28	18	44	30	60	1	0	0	0
yjhZ	4	2	4	2	1	0	1	2	0	0	0	0
yjiA	349	281	244	254	188	254	172	405	7	12	3	1
yjiC	0	2	2	0	2	3	0	3	0	0	0	0
yjiG	6	4	14	11	2	10	10	19	0	0	0	0
yjiH	36	36	76	57	32	38	28	44	0	0	0	0
yjiJ	74	75	67	56	74	83	55	54	0	1	0	0
yjiK	28	31	51	35	37	42	38	43	1	0	0	0
yjiL	109	93	32	81	97	104	29	65	2	4	1	1
yjiM	301	344	172	230	278	312	72	167	6	6	3	2
yjiN	83	92	51	50	55	70	24	88	0	3	0	0
yjiR	28	22	38	29	9	20	37	83	0	1	0	1
yjiS	1	0	0	1	0	1	1	1	0	0	0	0
yjiT	2152	2196	1066	1038	1515	2180	663	1398	10	18	3	4
yjiV	507	611	324	295	395	630	209	481	2	5	2	2
yjiX	104	85	88	85	61	87	75	167	2	3	2	1
yjjA	83	129	141	110	82	128	127	267	0	3	1	0
yjjB	14	24	14	6	13	27	3	11	0	0	0	1
yjjG	221	279	234	168	151	236	187	315	2	5	3	1
yjjI	3494	4326	1154	1595	2588	3648	553	1642	72	104	23	17
yjjP	135	137	105	82	107	126	64	151	0	3	2	1
yjjQ	4	3	7	4	3	3	4	6	0	0	0	0
yjjU	181	218	172	149	119	167	148	230	0	2	0	1
yjjV	119	161	106	133	91	115	90	194	3	4	0	0
yjjW	786	1005	292	452	638	904	103	370	12	23	7	2
yjjX	60	64	67	67	59	57	60	84	2	0	0	0
yjjY	30	54	57	33	25	46	38	83	2	1	0	0
yjjZ	28	23	52	33	28	27	27	33	0	0	0	1
yjtD	558	705	716	652	456	722	446	908	3	2	0	0
ykfA	159	208	164	129	152	214	84	184	1	4	1	1
ykfB	2366	2242	1907	1743	1872	2552	927	2209	11	9	2	1
ykfC	50	55	50	35	35	55	31	103	0	0	0	0
ykfF	5	6	8	4	6	4	3	13	1	0	0	0
ykfG	0	1	0	0	0	1	3	1	0	0	0	0
ykfH	0	0	0	0	0	0	2	0	0	0	0	0
ykfI	1	3	3	1	0	2	0	2	0	0	0	0
ykfJ	3	1	6	3	1	3	5	1	0	0	0	0
ykfK	0	3	1	2	0	0	0	3	0	0	0	0
ykfL	39	36	25	25	29	28	18	32	0	0	0	0
ykfM	11	13	18	9	11	19	22	32	0	0	0	0
ykfN	0	0	0	1	0	1	0	1	0	0	0	0
ykfO	4	1	2	5	2	6	7	12	0	0	0	0
ykgA	62	69	74	58	52	77	47	82	1	0	0	0
ykgE	2075	2844	1697	2806	1969	2836	749	1545	20	18	6	9
ykgF	3431	5108	2733	4123	3127	4745	1222	2590	48	53	21	14
ykgG	595	1005	520	680	613	978	242	596	13	10	3	2
ykgH	17	13	59	43	14	11	42	57	0	0	0	0
ykgJ	3	7	21	10	10	10	10	26	0	1	0	0
ykgL	16	17	13	13	6	11	11	30	0	0	0	0
ykgM	6	2	4	4	4	8	2	8	0	0	0	0
ykgO	7	2	0	1	1	2	0	3	0	0	0	0
ykgP	0	0	0	0	0	0	0	0	0	0	0	0
ykgQ	0	0	0	0	0	0	0	1	0	0	0	0
ykgR	26	27	8	6	30	43	7	24	0	0	0	0
ykgS	8	14	7	7	6	6	15	12	0	1	0	0
ykgV	3	3	5	9	5	7	8	17	0	0	0	0
ykiA	15	25	22	20	16	31	14	31	0	0	0	0
ykiC	0	0	0	0	0	0	0	0	0	0	0	0
ykiD	5	11	12	5	1	6	1	12	0	0	0	0
ykiE	43	43	55	45	46	55	37	62	0	1	0	0
ylaC	424	469	949	739	335	480	641	1301	4	1	2	1
ylbE	17	17	18	20	9	11	9	21	0	0	0	1
ylbF	19	28	24	34	15	27	17	19	0	0	0	0
ylbG	4	4	7	4	1	4	3	15	0	0	0	0
ylbH	48	38	88	77	36	36	48	74	0	0	0	0
ylbI	2	2	2	1	2	3	4	1	0	0	0	0
ylcG	1	2	2	1	2	1	0	3	0	0	0	0
ylcH	0	0	1	3	3	0	3	3	0	0	0	0
ylcI	40	36	50	26	64	42	45	59	0	0	0	0
ylcJ	4	1	5	1	3	6	8	9	0	0	0	0
yldA	4	5	2	3	4	3	1	2	0	0	0	0
yliI	237	250	125	152	215	266	144	328	1	10	1	0
yliM	45	91	183	107	34	96	107	431	2	0	0	0
yljB	19	16	19	30	9	25	18	31	0	0	0	0
ymcE	333	508	716	487	418	612	457	907	8	17	2	2
ymcF	1465	2003	2658	1755	1436	1842	1886	2857	30	38	8	15
ymdA	73	67	289	224	43	77	267	435	0	0	0	0
ymdB	207	269	416	401	138	268	291	754	6	5	0	1
ymdE	0	0	0	0	1	1	0	2	0	0	0	0
ymdF	34	38	28	35	29	33	35	43	0	0	0	0
ymdG	35	28	94	67	31	32	77	124	0	0	0	0
ymfA	7	14	60	40	15	17	36	106	2	0	0	0
ymfD	165	172	308	240	176	220	240	385	2	0	0	0
ymfE	223	211	375	310	219	254	274	465	0	0	0	0
ymfH	521	492	668	387	501	514	335	461	1	1	1	0
ymfI	38	54	77	50	48	66	73	124	0	2	1	0
ymfJ	6	7	27	13	7	22	15	18	0	0	0	0
ymfK	98	127	248	177	80	131	191	523	0	0	2	1
ymfL	8	10	9	15	11	14	16	21	0	0	0	0
ymfM	12	9	7	3	7	8	8	9	0	0	0	0
ymfN	18	20	18	20	7	18	10	30	0	0	0	0
ymfQ	3	2	1	2	1	1	0	0	0	0	0	0
ymfR	3	3	3	1	2	6	3	6	0	0	0	0
ymfT	2	3	4	1	1	1	1	3	0	0	0	0
ymgA	49	74	14	11	41	86	19	22	0	0	0	0
ymgC	2	3	3	0	2	2	9	2	0	0	0	0
ymgD	12	20	48	34	13	42	64	51	0	0	0	0
ymgE	177	157	24	16	93	156	25	22	0	0	0	0
ymgF	7	4	2	0	9	9	7	6	0	0	0	0
ymgG	0	8	30	25	4	18	36	33	0	0	0	0
ymgI	1	3	4	3	0	5	8	11	0	0	0	0
ymgJ	0	1	0	1	0	1	0	0	0	0	0	0
ymgK	0	0	0	0	0	0	0	0	0	0	0	0
ymgL	0	0	2	0	0	1	0	1	0	0	0	0
ymgM	5	10	37	22	3	5	31	55	0	0	0	0
ymgN	5	9	10	9	5	10	14	10	0	0	0	0
ymiA	105	135	73	53	109	165	68	165	1	4	3	0
ymiB	2	1	3	0	1	2	1	2	0	0	0	0
ymiC	122	148	60	32	94	163	95	124	3	0	0	0
ymiD	4	3	3	3	0	6	9	11	0	0	0	0
ymjA	27	42	50	34	21	24	33	104	0	1	0	1
ymjB	2	1	0	3	0	1	0	0	0	0	0	0
ymjC	4	12	9	8	4	11	5	18	0	0	0	0
ymjD	0	3	0	0	0	1	0	0	0	0	0	0
ymjE	4	4	1	2	3	4	2	2	0	0	0	0
ynaA	65	53	64	69	53	65	81	88	2	0	1	0
ynaE	737	1292	1545	1098	835	1628	1331	3017	8	5	2	0
ynaI	21	21	25	24	25	29	26	45	0	1	0	0
ynaJ	98	105	165	144	85	138	158	240	2	2	2	4
ynaK	5	9	11	4	3	6	5	21	0	0	0	0
ynaL	16	26	4	5	11	30	8	5	0	0	0	0
ynaM	80	168	229	131	97	228	309	733	3	0	0	0
ynaN	10	19	24	27	13	16	18	35	0	0	0	0
ynbA	3	4	9	4	4	6	3	7	0	0	0	0
ynbB	2	1	2	3	3	3	0	5	0	0	0	0
ynbC	46	60	31	49	46	47	35	58	0	0	0	0
ynbD	125	158	150	163	123	136	98	153	4	1	0	0
ynbE	179	216	357	282	203	227	180	302	0	2	2	0
ynbG	0	0	0	0	0	0	0	0	0	0	0	0
yncE	693	688	4220	4435	261	386	3048	10664	21	0	1	5
yncG	15	26	19	15	8	21	7	21	1	0	0	0
yncH	2	0	1	1	2	1	0	1	0	0	0	0
yncI	81	73	200	176	93	100	146	168	0	0	0	0
yncJ	6	5	4	7	12	10	36	54	0	0	0	0
yncK	3	3	3	2	3	2	5	5	0	0	0	0
yncL	1120	1018	606	306	1183	1109	364	502	4	0	1	0
yncO	0	1	0	0	0	0	1	2	0	0	0	0
yncP	52	53	99	56	49	55	61	149	0	0	0	1
yneE	25	27	53	25	32	23	38	62	0	0	0	0
yneG	30	44	83	60	24	40	47	107	1	1	0	0
yneK	2	9	7	10	7	9	10	19	0	0	0	0
yneL	3	6	6	3	6	5	1	9	0	2	0	0
yneO	245	347	198	205	196	319	109	290	6	4	3	0
yneP	2	3	4	3	2	5	9	6	0	0	0	0
ynfA	39	25	56	72	29	32	42	63	0	0	0	0
ynfB	130	213	218	180	123	220	156	482	5	4	1	1
ynfC	243	235	225	236	200	240	128	282	0	1	3	2
ynfD	40	77	17	6	32	37	33	49	6	3	2	3
ynfE	2467	3592	671	893	2015	3707	373	1133	55	164	18	33
ynfF	1891	3159	397	510	2034	3838	213	801	126	203	54	43
ynfG	138	280	40	54	208	423	29	87	17	32	9	4
ynfH	374	532	274	238	527	789	195	315	31	28	4	4
ynfL	52	58	41	47	29	59	29	72	6	2	0	0
ynfM	128	116	240	173	100	116	163	253	1	2	2	0
ynfN	148	194	150	130	186	279	107	210	0	1	0	0
ynfO	32	17	25	16	17	36	15	24	0	0	0	0
ynfP	1	2	4	8	0	2	3	2	0	0	0	0
ynfQ	56	94	83	43	66	134	68	201	1	1	1	0
ynfR	17	25	31	9	21	45	18	42	0	0	1	0
ynfS	293	499	866	469	307	489	381	1301	6	1	1	1
ynfT	98	196	206	120	121	294	259	546	3	1	2	0
ynfU	13	17	33	14	13	20	29	83	1	0	0	0
ynhH	62	89	65	53	59	95	51	115	4	4	1	0
yniA	566	738	227	314	381	612	131	449	19	20	9	6
yniB	170	187	237	189	150	166	209	272	2	1	0	1
yniD	12	5	11	3	5	8	5	10	0	0	0	0
ynjA	97	104	145	116	94	110	112	134	1	2	0	0
ynjB	150	211	201	203	146	181	108	215	2	5	0	3
ynjC	74	119	106	97	71	97	84	146	2	3	1	0
ynjD	32	56	91	75	51	50	37	105	0	0	0	0
ynjE	102	128	189	232	73	126	129	376	4	8	1	1
ynjF	121	133	146	116	89	132	100	156	3	2	1	0
ynjH	98	114	59	43	60	120	46	121	2	1	1	0
ynjI	35	52	60	51	42	52	39	108	1	0	1	0
yoaA	254	387	726	588	228	344	442	933	8	14	4	0
yoaB	435	583	1563	1262	357	577	977	2004	3	1	3	0
yoaC	368	434	345	299	387	443	236	390	6	0	2	0
yoaE	762	1140	1147	1124	657	993	858	2000	16	21	10	5
yoaF	54	73	96	85	67	44	77	95	1	3	0	1
yoaG	4	1	0	3	3	2	1	4	0	0	0	0
yoaH	65	76	91	96	34	74	70	212	1	1	0	0
yoaI	10	12	6	4	4	13	5	13	0	0	0	0
yoaJ	25	30	82	58	24	40	66	128	3	0	0	0
yoaK	60	47	152	94	44	75	103	147	3	0	0	0
yoaL	200	236	273	215	207	203	285	460	1	6	0	0
yoaM	0	3	0	1	1	5	1	1	0	0	0	0
yobA	2998	3128	4209	4575	2311	3128	2896	5045	6	5	2	3
yobB	62	47	55	47	31	46	82	130	3	2	0	0
yobD	82	138	43	39	100	192	27	66	0	7	1	2
yobF	371	443	406	285	311	409	290	713	11	5	4	4
yobH	48	60	121	53	35	56	62	147	0	1	0	0
yobI	0	1	2	0	0	3	1	4	0	0	0	0
yodB	8	14	6	2	6	8	6	12	0	0	0	0
yodC	71	86	66	80	52	82	34	80	0	2	0	0
yodD	538	610	51	64	303	670	28	57	4	4	0	2
yodE	623	687	1263	850	674	825	940	1945	2	0	0	0
yoeA_1	17	19	50	58	19	30	39	116	0	0	0	0
yoeA_2	9	4	1	3	6	10	1	6	0	0	0	0
yoeB	228	378	350	343	193	300	203	608	4	9	1	1
yoeD	0	10	3	4	1	3	1	7	0	0	0	0
yoeF	16	9	13	10	2	7	9	24	0	0	0	0
yoeG	13	15	13	13	3	17	16	26	0	0	0	1
yoeH	13	15	16	14	6	15	15	33	0	1	2	1
yoeI	0	1	1	4	0	1	5	8	0	0	0	0
yoeJ	18	38	29	26	16	40	36	84	0	0	0	0
yohC	87	91	30	23	42	76	19	41	2	0	0	2
yohD	262	312	195	196	221	285	130	224	1	1	2	3
yohF	87	105	16	23	54	59	20	17	1	1	0	0
yohJ	359	374	213	174	304	416	202	264	3	1	0	0
yohK	288	347	187	148	247	345	189	231	2	8	2	1
yohO	5	11	23	15	15	13	23	45	0	0	0	0
yohP	4	9	1	0	1	10	2	1	0	0	0	0
yojI	61	68	125	106	41	69	131	300	1	0	1	1
yojO	2	2	0	0	0	5	4	1	0	0	0	0
ypaA	11	29	19	25	11	10	14	35	0	1	0	1
ypaB	1	1	1	1	0	0	2	2	0	0	0	0
ypdC	222	286	235	210	201	247	145	284	3	4	2	1
ypdE	30	38	21	17	24	30	17	22	0	0	2	0
ypdF	17	26	15	13	19	17	14	22	0	0	0	0
ypdI	0	1	0	2	0	2	2	2	0	0	0	0
ypdJ	0	1	2	1	3	1	0	4	0	0	0	0
ypdK	54	54	75	87	35	52	81	68	0	0	0	0
ypeA	1890	1839	2516	2460	1424	1763	1461	2073	4	4	2	1
ypeB	28	47	42	57	24	36	40	91	0	0	0	0
ypeC	14	14	9	13	9	14	8	14	1	0	0	0
ypeD	11	8	16	11	6	20	22	28	0	0	0	0
ypfG	1805	1547	2168	2099	1791	1871	3385	1703	5	2	3	1
ypfH	147	187	127	118	120	159	97	194	0	5	3	0
ypfJ	532	629	566	535	366	545	425	766	6	6	1	5
ypfM	2926	2964	1378	1465	2761	3151	1209	1253	7	3	4	0
ypfN	34	40	49	40	21	38	26	51	1	1	0	1
yphA	74	73	61	48	67	70	47	46	2	0	0	0
yphB	43	48	36	40	32	51	21	48	0	2	0	0
yphC	99	99	72	101	73	112	66	70	1	1	0	1
yphD	68	56	60	64	59	57	31	58	1	1	0	0
yphE	66	81	62	51	62	69	27	58	3	0	0	0
yphF	25	35	28	17	29	35	16	30	0	0	0	0
yphG	44	55	35	31	23	25	27	55	1	2	1	0
yphH	42	53	54	44	35	55	30	51	1	1	0	0
ypjA	157	199	117	96	124	240	73	149	0	4	3	1
ypjB	2	3	6	4	3	4	4	6	0	0	0	0
ypjC	0	1	1	0	1	0	1	2	0	0	0	0
ypjD	104	112	177	172	79	119	123	258	4	3	0	0
ypjF	3	1	3	0	4	1	1	5	0	0	0	0
ypjI	0	0	0	0	0	0	0	0	0	0	0	0
ypjJ	0	0	2	1	0	2	0	6	0	0	0	0
ypjK	4	2	7	3	5	5	0	1	3	0	0	1
yqaA	594	680	540	495	534	669	372	549	5	11	1	5
yqaB	549	637	478	380	471	626	330	654	4	10	1	6
yqaE	209	220	52	37	158	199	71	109	0	1	0	0
yqcA	463	470	321	364	341	447	200	391	4	7	3	1
yqcC	15	18	16	18	9	15	21	37	0	0	1	0
yqcE	11	14	2	7	4	12	6	6	0	1	0	0
yqcG	2	0	1	1	4	1	4	3	0	0	0	0
yqeA	27	50	22	25	26	44	18	43	1	3	3	1
yqeB	2643	3134	552	821	2467	3224	198	590	41	35	12	12
yqeC	1117	1221	285	420	943	1195	110	263	13	23	0	2
yqeF	126	150	396	328	67	103	319	708	2	5	1	1
yqeG	176	187	529	303	193	195	460	751	0	2	0	0
yqeH	3	2	3	1	0	6	4	8	0	0	0	0
yqeI	219	243	354	217	229	308	133	270	0	0	0	1
yqeJ	145	159	297	202	139	167	96	194	0	0	0	1
yqeK	0	0	2	0	0	0	0	5	0	0	0	0
yqeL	0	0	0	0	0	0	0	1	0	0	0	0
yqfB	56	70	73	50	44	82	57	99	1	1	0	0
yqfE	9	9	5	13	11	8	5	4	0	0	1	0
yqfG	4	8	3	0	3	3	2	2	0	0	0	0
yqfH	0	0	0	0	0	0	0	1	0	0	0	0
yqfI	59	65	94	63	75	66	54	80	2	0	1	0
yqgA	1145	1105	850	916	966	1063	712	896	10	5	2	2
yqgB	20	45	67	38	31	28	53	99	1	1	0	0
yqgC	3	7	6	9	3	3	3	8	0	0	0	0
yqgD	4	17	46	21	10	14	32	60	2	0	0	0
yqgE	480	669	821	623	375	568	405	1170	14	20	1	4
yqgF	134	241	248	197	109	173	140	452	5	8	2	3
yqgG	45	56	111	92	31	68	81	220	2	4	0	0
yqgH	0	2	9	0	3	7	10	5	0	0	0	0
yqhA	62	81	117	126	75	92	113	171	0	0	1	2
yqhC	67	70	61	48	43	52	50	110	1	2	1	0
yqhD	520	611	188	214	340	579	148	391	14	20	6	3
yqhG	42	54	49	41	31	39	33	52	0	0	0	0
yqhH	3	3	8	2	6	3	3	13	0	0	0	0
yqhI	3	6	0	1	3	4	1	3	1	1	0	0
yqhJ	246	242	582	516	220	237	305	497	2	2	0	0
yqiA	916	1281	1174	996	637	1109	593	1546	20	25	6	3
yqiB	936	1017	924	725	763	915	559	1191	13	11	1	3
yqiD	101	148	58	94	112	190	49	102	0	3	3	0
yqiG	9	20	31	20	16	30	20	47	0	0	0	0
yqiH	9	6	7	16	8	16	9	24	0	0	0	0
yqiI	12	7	10	12	8	13	8	22	0	0	0	0
yqiJ	120	117	89	84	101	135	70	125	1	2	0	0
yqiK	89	126	93	85	79	119	46	116	2	1	0	0
yqiM	1620	1442	1702	1102	1602	1661	1870	1893	1	3	0	2
yqjA	1741	1953	1744	1424	1509	1901	1318	2523	5	14	3	0
yqjC	935	1153	296	279	565	981	224	492	17	21	4	12
yqjD	1131	1602	414	362	715	1437	296	717	21	32	4	11
yqjE	527	763	188	200	322	790	110	347	15	33	2	5
yqjF	117	138	68	45	112	148	41	56	1	1	0	0
yqjG	179	224	92	64	131	220	87	92	3	2	0	1
yqjK	335	534	127	121	221	602	68	278	22	31	2	3
yraH	2	8	8	14	2	8	7	20	0	0	0	0
yraI	2	0	9	7	3	3	0	6	0	0	0	0
yraJ	36	58	62	40	36	52	27	81	4	0	1	0
yraK	42	60	60	37	34	61	41	85	0	2	1	0
yraN	91	130	108	110	50	137	56	192	3	4	1	0
yraQ	66	72	197	223	57	88	162	217	1	2	1	1
yraR	126	123	91	111	101	131	63	113	0	1	0	0
yrbG	652	618	707	566	626	731	527	799	2	11	6	1
yrbL	233	320	1006	941	187	271	877	1571	14	17	3	8
yrbL_3'	11	26	65	30	5	24	39	122	1	2	2	0
yrbN	83	134	133	85	85	112	90	274	4	6	1	1
yrdA	219	293	346	380	136	227	254	612	3	6	1	1
yrdB	383	382	554	621	342	460	321	523	3	2	1	0
yrdD	1033	1455	1006	899	878	1369	454	1360	15	14	3	5
yrdE	26	33	15	5	18	17	17	30	2	0	0	0
yrdF	63	60	50	40	51	77	33	79	3	0	0	1
yrdG	4	0	7	7	5	3	2	7	0	0	0	0
yrfG	143	193	228	191	106	169	171	401	7	3	0	1
yrfJ	7	16	28	20	2	8	31	27	0	0	0	0
yrhB	7	8	11	4	3	12	9	21	0	0	0	0
yrhC	28	23	21	11	31	38	22	15	0	0	0	0
yrhD	0	2	0	0	0	0	2	3	0	0	0	0
yriA	9	5	13	7	12	12	13	18	0	1	0	0
yriB	8	7	14	6	12	16	12	16	0	0	0	0
ysaA	1093	1132	707	1071	867	923	346	652	8	9	2	4
ysaB	126	138	71	56	102	149	54	85	1	0	0	0
ysaC	1	0	1	0	0	1	1	5	0	0	0	0
ysaD	0	2	2	0	2	1	0	3	0	0	0	0
ysaE	68	70	152	115	92	69	121	231	3	3	0	0
ysdD	0	1	0	3	0	4	1	2	0	0	0	0
ysdE	65	48	55	45	71	49	55	48	1	0	0	0
ysgA	4436	3963	3148	2510	3551	3285	1529	2436	6	9	0	3
ysgD	34	21	28	25	26	28	18	53	0	0	0	0
yshB	212	175	317	297	134	149	445	541	6	5	0	0
ytcA	0	0	0	0	0	0	0	0	0	0	0	0
ytcB	37	44	59	51	29	60	50	107	0	0	0	0
ytfA	0	0	0	2	0	0	1	4	0	0	0	0
ytfB	215	289	285	265	167	247	228	441	3	6	2	2
ytfE	12	16	8	10	7	15	2	22	0	0	0	0
ytfF	39	34	44	38	18	29	31	73	1	1	0	0
ytfH	16	30	18	36	19	36	21	52	0	0	1	0
ytfI	74	80	47	23	88	89	31	60	0	0	0	0
ytfJ	727	1071	854	908	667	1107	550	1347	10	3	4	1
ytfK	28865	23899	15850	17873	24514	30044	14151	22233	56	6	10	13
ytfP	113	110	134	135	93	132	115	237	0	7	0	1
ytfQ	2505	2116	1108	1383	1517	2273	732	1043	7	0	1	2
ytfR	984	955	450	589	652	961	252	517	7	5	2	0
ytfT	264	269	112	125	175	219	69	93	2	2	0	0
ytgA	25	32	55	23	25	32	41	123	0	0	0	0
ytgB	42	56	78	59	33	48	60	163	0	1	0	0
ythA	5	4	3	2	2	2	3	0	0	0	0	0
ythB	4	11	2	3	3	15	6	16	0	1	0	0
ytiA	29	36	15	19	44	28	6	29	0	1	1	0
ytiB	1	1	0	0	0	0	1	7	0	0	0	0
ytiC	0	0	0	0	0	0	0	0	0	0	0	0
ytiD	0	1	2	0	0	1	0	2	0	0	0	0
ytiE	12	14	5	15	7	11	7	14	0	0	0	0
ytjA	243	281	44	31	210	277	29	60	0	1	1	0
ytjB	165	222	192	205	117	176	125	275	2	2	2	1
ytjC	159	137	268	232	109	123	216	416	2	4	1	1
ytjE	7	16	20	10	12	13	16	37	0	0	0	0
yzcX	12	37	31	25	12	32	27	72	1	0	2	0
yzfA	6	3	4	2	7	4	10	11	0	0	0	0
yzgL	137	96	72	50	129	118	67	52	0	0	0	0
zapA	355	428	386	366	234	347	299	654	11	6	4	3
zapB	3295	3543	3454	3848	2282	3252	1787	4469	37	49	18	15
zapC	523	547	679	582	464	630	429	840	4	1	2	1
zapD	433	501	512	400	381	563	355	732	7	3	2	1
zapE	528	581	1414	910	455	533	753	1473	4	5	1	1
zapG	2758	2924	3499	3765	2384	3312	2043	4451	17	22	6	12
zbiJ	285	333	225	128	210	325	143	287	1	0	1	0
zinT	21	16	11	15	14	20	16	25	0	1	0	0
zipA	452	617	539	531	352	596	435	1045	17	18	6	2
zitB	149	193	269	270	137	171	245	319	1	2	0	1
zntA	2043	2437	1281	1546	1310	2112	783	1619	29	33	5	15
zntB	996	1281	919	912	718	1005	542	1063	6	9	3	1
zntR	49	63	77	76	23	61	84	167	0	0	0	1
znuA	899	1214	1576	1484	917	1197	1069	1988	6	6	4	2
znuB	325	384	373	360	368	409	200	373	2	3	0	0
znuC	493	627	329	319	386	589	263	608	2	11	4	4
zraP	3	2	3	2	2	1	4	6	0	0	0	0
zraR	401	565	299	346	307	426	131	357	4	6	3	4
zraS	557	727	425	445	443	593	276	572	7	21	2	3
zupT	175	228	187	182	125	158	116	264	6	1	3	0
zur	864	902	1000	918	712	772	601	1270	15	11	4	5
zwf	1924	2662	2316	2217	1246	2276	1457	4464	20	15	8	8
~~antisense	118127	125564	122548	98108	114086	145480	111110	200748	3098	2185	3032	1255
~~intergenic	378290	384568	453203	375852	349346	429620	415689	548274	3062	2791	1600	1079
